"Rain","wet_season","soil_nutrient","lime_soil","soil_tilling","sali_tolerant_rice","water_color_management","shrimp_stocking_density","probability_of_rice_faliure","probability_of_shrimp_faliure"
"1","1","1","1","1","1","1","1","0.319829","0.297356"
"1","1","1","1","1","1","1","2","0.274354","0.328701"
"1","1","1","1","1","1","1","3","0.194115","0.766656"
"1","1","1","1","1","1","2","1","0.319829","0.239434"
"1","1","1","1","1","1","2","2","0.274354","0.262026"
"1","1","1","1","1","1","2","3","0.194115","0.716999"
"1","1","1","1","1","2","1","1","0.317977","0.297356"
"1","1","1","1","1","2","1","2","0.265458","0.328701"
"1","1","1","1","1","2","1","3","0.185251","0.766656"
"1","1","1","1","1","2","2","1","0.317977","0.239434"
"1","1","1","1","1","2","2","2","0.265458","0.262026"
"1","1","1","1","1","2","2","3","0.185251","0.716999"
"1","1","1","1","2","1","1","1","0.310847","0.300387"
"1","1","1","1","2","1","1","2","0.266007","0.327296"
"1","1","1","1","2","1","1","3","0.193803","0.76657"
"1","1","1","1","2","1","2","1","0.310847","0.239233"
"1","1","1","1","2","1","2","2","0.266007","0.257508"
"1","1","1","1","2","1","2","3","0.193803","0.716201"
"1","1","1","1","2","2","1","1","0.306091","0.300387"
"1","1","1","1","2","2","1","2","0.251816","0.327296"
"1","1","1","1","2","2","1","3","0.176754","0.76657"
"1","1","1","1","2","2","2","1","0.306091","0.239233"
"1","1","1","1","2","2","2","2","0.251816","0.257508"
"1","1","1","1","2","2","2","3","0.176754","0.716201"
"1","1","1","2","1","1","1","1","0.29215","0.306697"
"1","1","1","2","1","1","1","2","0.2503","0.324653"
"1","1","1","2","1","1","1","3","0.19328","0.766425"
"1","1","1","2","1","1","2","1","0.29215","0.238815"
"1","1","1","2","1","1","2","2","0.2503","0.249005"
"1","1","1","2","1","1","2","3","0.19328","0.714863"
"1","1","1","2","1","2","1","1","0.281349","0.306697"
"1","1","1","2","1","2","1","2","0.226143","0.324653"
"1","1","1","2","1","2","1","3","0.162498","0.766425"
"1","1","1","2","1","2","2","1","0.281349","0.238815"
"1","1","1","2","1","2","2","2","0.226143","0.249005"
"1","1","1","2","1","2","2","3","0.162498","0.714863"
"1","1","1","2","2","1","1","1","0.272344","0.3137"
"1","1","1","2","2","1","1","2","0.235166","0.322289"
"1","1","1","2","2","1","1","3","0.192813","0.766223"
"1","1","1","2","2","1","2","1","0.272344","0.238186"
"1","1","1","2","2","1","2","2","0.235166","0.240553"
"1","1","1","2","2","1","2","3","0.192813","0.713395"
"1","1","1","2","2","2","1","1","0.25186","0.3137"
"1","1","1","2","2","2","1","2","0.198289","0.322289"
"1","1","1","2","2","2","1","3","0.147292","0.766223"
"1","1","1","2","2","2","2","1","0.25186","0.238186"
"1","1","1","2","2","2","2","2","0.198289","0.240553"
"1","1","1","2","2","2","2","3","0.147292","0.713395"
"1","1","1","3","1","1","1","1","0.272409","0.313359"
"1","1","1","3","1","1","1","2","0.235783","0.322211"
"1","1","1","3","1","1","1","3","0.192857","0.766309"
"1","1","1","3","1","1","2","1","0.272409","0.238374"
"1","1","1","3","1","1","2","2","0.235783","0.241146"
"1","1","1","3","1","1","2","3","0.192857","0.713784"
"1","1","1","3","1","2","1","1","0.255225","0.313359"
"1","1","1","3","1","2","1","2","0.202416","0.322211"
"1","1","1","3","1","2","1","3","0.151007","0.766309"
"1","1","1","3","1","2","2","1","0.255225","0.238374"
"1","1","1","3","1","2","2","2","0.202416","0.241146"
"1","1","1","3","1","2","2","3","0.151007","0.713784"
"1","1","1","3","2","1","1","1","0.255828","0.32062"
"1","1","1","3","2","1","1","2","0.222908","0.320905"
"1","1","1","3","2","1","1","3","0.192411","0.765861"
"1","1","1","3","2","1","2","1","0.255828","0.237027"
"1","1","1","3","2","1","2","2","0.222908","0.232952"
"1","1","1","3","2","1","2","3","0.192411","0.711433"
"1","1","1","3","2","2","1","1","0.216159","0.32062"
"1","1","1","3","2","2","1","2","0.166653","0.320905"
"1","1","1","3","2","2","1","3","0.127837","0.765861"
"1","1","1","3","2","2","2","1","0.216159","0.237027"
"1","1","1","3","2","2","2","2","0.166653","0.232952"
"1","1","1","3","2","2","2","3","0.127837","0.711433"
"1","1","1","4","1","1","1","1","0.261898","0.31749"
"1","1","1","4","1","1","1","2","0.227939","0.321211"
"1","1","1","4","1","1","1","3","0.192605","0.766114"
"1","1","1","4","1","1","2","1","0.261898","0.237796"
"1","1","1","4","1","1","2","2","0.227939","0.236444"
"1","1","1","4","1","1","2","3","0.192605","0.712672"
"1","1","1","4","1","2","1","1","0.235305","0.31749"
"1","1","1","4","1","2","1","2","0.184119","0.321211"
"1","1","1","4","1","2","1","3","0.13989","0.766114"
"1","1","1","4","1","2","2","1","0.235305","0.237796"
"1","1","1","4","1","2","2","2","0.184119","0.236444"
"1","1","1","4","1","2","2","3","0.13989","0.712672"
"1","1","1","4","2","1","1","1","0.272074","0.315101"
"1","1","1","4","2","1","1","2","0.232793","0.322592"
"1","1","1","4","2","1","1","3","0.192649","0.765904"
"1","1","1","4","2","1","2","1","0.272074","0.237411"
"1","1","1","4","2","1","2","2","0.232793","0.238269"
"1","1","1","4","2","1","2","3","0.192649","0.711958"
"1","1","1","4","2","2","1","1","0.238033","0.315101"
"1","1","1","4","2","2","1","2","0.1824","0.322592"
"1","1","1","4","2","2","1","3","0.133562","0.765904"
"1","1","1","4","2","2","2","1","0.238033","0.237411"
"1","1","1","4","2","2","2","2","0.1824","0.238269"
"1","1","1","4","2","2","2","3","0.133562","0.711958"
"1","1","2","1","1","1","1","1","0.444661","0.260438"
"1","1","2","1","1","1","1","2","0.402834","0.354933"
"1","1","2","1","1","1","1","3","0.201542","0.764454"
"1","1","2","1","1","1","2","1","0.444661","0.239172"
"1","1","2","1","1","1","2","2","0.402834","0.325006"
"1","1","2","1","1","1","2","3","0.201542","0.72013"
"1","1","2","1","1","2","1","1","0.429662","0.260438"
"1","1","2","1","1","2","1","2","0.396444","0.354933"
"1","1","2","1","1","2","1","3","0.243028","0.764454"
"1","1","2","1","1","2","2","1","0.429662","0.239172"
"1","1","2","1","1","2","2","2","0.396444","0.325007"
"1","1","2","1","1","2","2","3","0.243028","0.72013"
"1","1","2","1","2","1","1","1","0.433919","0.263473"
"1","1","2","1","2","1","1","2","0.390583","0.352282"
"1","1","2","1","2","1","1","3","0.200435","0.764945"
"1","1","2","1","2","1","2","1","0.433919","0.239278"
"1","1","2","1","2","1","2","2","0.390583","0.319214"
"1","1","2","1","2","1","2","3","0.200435","0.720272"
"1","1","2","1","2","2","1","1","0.421509","0.263473"
"1","1","2","1","2","2","1","2","0.386515","0.352282"
"1","1","2","1","2","2","1","3","0.239959","0.764945"
"1","1","2","1","2","2","2","1","0.421509","0.239278"
"1","1","2","1","2","2","2","2","0.386515","0.319214"
"1","1","2","1","2","2","2","3","0.239959","0.720272"
"1","1","2","2","1","1","1","1","0.412046","0.269653"
"1","1","2","2","1","1","1","2","0.366835","0.347143"
"1","1","2","2","1","1","1","3","0.19867","0.765729"
"1","1","2","2","1","1","2","1","0.412046","0.239493"
"1","1","2","2","1","1","2","2","0.366835","0.307986"
"1","1","2","2","1","1","2","3","0.19867","0.720498"
"1","1","2","2","1","2","1","1","0.404907","0.269653"
"1","1","2","2","1","2","1","2","0.367268","0.347143"
"1","1","2","2","1","2","1","3","0.235068","0.765729"
"1","1","2","2","1","2","2","1","0.404907","0.239493"
"1","1","2","2","1","2","2","2","0.367268","0.307986"
"1","1","2","2","1","2","2","3","0.235068","0.720498"
"1","1","2","2","2","1","1","1","0.386683","0.276852"
"1","1","2","2","2","1","1","2","0.340863","0.34156"
"1","1","2","2","2","1","1","3","0.197142","0.766372"
"1","1","2","2","2","1","2","1","0.386683","0.239723"
"1","1","2","2","2","1","2","2","0.340863","0.295654"
"1","1","2","2","2","1","2","3","0.197142","0.720563"
"1","1","2","2","2","2","1","1","0.38532","0.276852"
"1","1","2","2","2","2","1","2","0.345587","0.34156"
"1","1","2","2","2","2","1","3","0.229631","0.766372"
"1","1","2","2","2","2","2","1","0.38532","0.239723"
"1","1","2","2","2","2","2","2","0.345587","0.295654"
"1","1","2","2","2","2","2","3","0.229631","0.720563"
"1","1","2","3","1","1","1","1","0.389639","0.275984"
"1","1","2","3","1","1","1","2","0.344041","0.342211"
"1","1","2","3","1","1","1","3","0.197326","0.766325"
"1","1","2","3","1","1","2","1","0.389639","0.239714"
"1","1","2","3","1","1","2","2","0.344041","0.297209"
"1","1","2","3","1","1","2","3","0.197326","0.720671"
"1","1","2","3","1","2","1","1","0.387899","0.275984"
"1","1","2","3","1","2","1","2","0.348795","0.342211"
"1","1","2","3","1","2","1","3","0.231341","0.766325"
"1","1","2","3","1","2","2","1","0.387899","0.239714"
"1","1","2","3","1","2","2","2","0.348795","0.297209"
"1","1","2","3","1","2","2","3","0.231341","0.720671"
"1","1","2","3","2","1","1","1","0.356945","0.285388"
"1","1","2","3","2","1","1","2","0.312174","0.335494"
"1","1","2","3","2","1","1","3","0.19578","0.76686"
"1","1","2","3","2","1","2","1","0.356945","0.239938"
"1","1","2","3","2","1","2","2","0.312174","0.281887"
"1","1","2","3","2","1","2","3","0.19578","0.720305"
"1","1","2","3","2","2","1","1","0.361375","0.285388"
"1","1","2","3","2","2","1","2","0.319903","0.335494"
"1","1","2","3","2","2","1","3","0.221916","0.76686"
"1","1","2","3","2","2","2","1","0.361375","0.239938"
"1","1","2","3","2","2","2","2","0.319903","0.281887"
"1","1","2","3","2","2","2","3","0.221916","0.720305"
"1","1","2","4","1","1","1","1","0.37282","0.280796"
"1","1","2","4","1","1","1","2","0.327413","0.338678"
"1","1","2","4","1","1","1","3","0.196477","0.766643"
"1","1","2","4","1","1","2","1","0.37282","0.239844"
"1","1","2","4","1","1","2","2","0.327413","0.289254"
"1","1","2","4","1","1","2","3","0.196477","0.720559"
"1","1","2","4","1","2","1","1","0.374524","0.280796"
"1","1","2","4","1","2","1","2","0.334196","0.338678"
"1","1","2","4","1","2","1","3","0.226977","0.766643"
"1","1","2","4","1","2","2","1","0.374524","0.239844"
"1","1","2","4","1","2","2","2","0.334196","0.289254"
"1","1","2","4","1","2","2","3","0.226977","0.720559"
"1","1","2","4","2","1","1","1","0.374726","0.280362"
"1","1","2","4","2","1","1","2","0.32839","0.339006"
"1","1","2","4","2","1","1","3","0.196473","0.76654"
"1","1","2","4","2","1","2","1","0.374726","0.239764"
"1","1","2","4","2","1","2","2","0.32839","0.28955"
"1","1","2","4","2","1","2","3","0.196473","0.720169"
"1","1","2","4","2","2","1","1","0.374887","0.280362"
"1","1","2","4","2","2","1","2","0.332999","0.339006"
"1","1","2","4","2","2","1","3","0.223412","0.76654"
"1","1","2","4","2","2","2","1","0.374887","0.239764"
"1","1","2","4","2","2","2","2","0.332999","0.28955"
"1","1","2","4","2","2","2","3","0.223412","0.720169"
"1","2","1","1","1","1","1","1","0.280836","0.305302"
"1","2","1","1","1","1","1","2","0.242212","0.335301"
"1","2","1","1","1","1","1","3","0.171345","0.767856"
"1","2","1","1","1","1","2","1","0.280836","0.237807"
"1","2","1","1","1","1","2","2","0.242212","0.26105"
"1","2","1","1","1","1","2","3","0.171345","0.714582"
"1","2","1","1","1","2","1","1","0.280347","0.305302"
"1","2","1","1","1","2","1","2","0.23513","0.335301"
"1","2","1","1","1","2","1","3","0.165788","0.767856"
"1","2","1","1","1","2","2","1","0.280347","0.237807"
"1","2","1","1","1","2","2","2","0.23513","0.26105"
"1","2","1","1","1","2","2","3","0.165788","0.714582"
"1","2","1","1","2","1","1","1","0.272272","0.308756"
"1","2","1","1","2","1","1","2","0.235133","0.333367"
"1","2","1","1","2","1","1","3","0.173488","0.767856"
"1","2","1","1","2","1","2","1","0.272272","0.237874"
"1","2","1","1","2","1","2","2","0.235133","0.256051"
"1","2","1","1","2","1","2","3","0.173488","0.714151"
"1","2","1","1","2","2","1","1","0.268413","0.308756"
"1","2","1","1","2","2","1","2","0.221773","0.333367"
"1","2","1","1","2","2","1","3","0.158038","0.767856"
"1","2","1","1","2","2","2","1","0.268413","0.237874"
"1","2","1","1","2","2","2","2","0.221773","0.256051"
"1","2","1","1","2","2","2","3","0.158038","0.714151"
"1","2","1","2","1","1","1","1","0.254314","0.315998"
"1","2","1","2","1","1","1","2","0.221947","0.329766"
"1","2","1","2","1","1","1","3","0.176986","0.767855"
"1","2","1","2","1","1","2","1","0.254314","0.238015"
"1","2","1","2","1","1","2","2","0.221947","0.246742"
"1","2","1","2","1","1","2","3","0.176986","0.713447"
"1","2","1","2","1","2","1","1","0.24339","0.315998"
"1","2","1","2","1","2","1","2","0.196895","0.329766"
"1","2","1","2","1","2","1","3","0.145386","0.767855"
"1","2","1","2","1","2","2","1","0.24339","0.238015"
"1","2","1","2","1","2","2","2","0.196895","0.246742"
"1","2","1","2","1","2","2","3","0.145386","0.713447"
"1","2","1","2","2","1","1","1","0.236068","0.323956"
"1","2","1","2","2","1","1","2","0.210384","0.326459"
"1","2","1","2","2","1","1","3","0.180733","0.76781"
"1","2","1","2","2","1","2","1","0.236068","0.238053"
"1","2","1","2","2","1","2","2","0.210384","0.237771"
"1","2","1","2","2","1","2","3","0.180733","0.712685"
"1","2","1","2","2","2","1","1","0.213447","0.323956"
"1","2","1","2","2","2","1","2","0.170466","0.326459"
"1","2","1","2","2","2","1","3","0.132276","0.76781"
"1","2","1","2","2","2","2","1","0.213447","0.238053"
"1","2","1","2","2","2","2","2","0.170466","0.237771"
"1","2","1","2","2","2","2","3","0.132276","0.712685"
"1","2","1","3","1","1","1","1","0.235157","0.323724"
"1","2","1","3","1","1","1","2","0.209917","0.32648"
"1","2","1","3","1","1","1","3","0.179721","0.767855"
"1","2","1","3","1","1","2","1","0.235157","0.238165"
"1","2","1","3","1","1","2","2","0.209917","0.238249"
"1","2","1","3","1","1","2","3","0.179721","0.712897"
"1","2","1","3","1","2","1","1","0.216696","0.323724"
"1","2","1","3","1","2","1","2","0.1742","0.32648"
"1","2","1","3","1","2","1","3","0.135497","0.767855"
"1","2","1","3","1","2","2","1","0.216696","0.238165"
"1","2","1","3","1","2","2","2","0.1742","0.238249"
"1","2","1","3","1","2","2","3","0.135497","0.712897"
"1","2","1","3","2","1","1","1","0.228551","0.329522"
"1","2","1","3","2","1","1","2","0.206253","0.324776"
"1","2","1","3","2","1","1","3","0.185349","0.767656"
"1","2","1","3","2","1","2","1","0.228551","0.237671"
"1","2","1","3","2","1","2","2","0.206253","0.231848"
"1","2","1","3","2","1","2","3","0.185349","0.711727"
"1","2","1","3","2","2","1","1","0.183869","0.329522"
"1","2","1","3","2","2","1","2","0.145508","0.324776"
"1","2","1","3","2","2","1","3","0.117089","0.767656"
"1","2","1","3","2","2","2","1","0.183869","0.237671"
"1","2","1","3","2","2","2","2","0.145508","0.231848"
"1","2","1","3","2","2","2","3","0.117089","0.711727"
"1","2","1","4","1","1","1","1","0.226648","0.328259"
"1","2","1","4","1","1","1","2","0.205195","0.324929"
"1","2","1","4","1","1","1","3","0.182547","0.767779"
"1","2","1","4","1","1","2","1","0.226648","0.238039"
"1","2","1","4","1","1","2","2","0.205195","0.233501"
"1","2","1","4","1","1","2","3","0.182547","0.712314"
"1","2","1","4","1","2","1","1","0.196525","0.328259"
"1","2","1","4","1","2","1","2","0.157217","0.324929"
"1","2","1","4","1","2","1","3","0.12602","0.767779"
"1","2","1","4","1","2","2","1","0.196525","0.238039"
"1","2","1","4","1","2","2","2","0.157217","0.233501"
"1","2","1","4","1","2","2","3","0.12602","0.712314"
"1","2","1","4","2","1","1","1","0.239827","0.324916"
"1","2","1","4","2","1","1","2","0.212173","0.326377"
"1","2","1","4","2","1","1","3","0.184439","0.767646"
"1","2","1","4","2","1","2","1","0.239827","0.237593"
"1","2","1","4","2","1","2","2","0.212173","0.23594"
"1","2","1","4","2","1","2","3","0.184439","0.711908"
"1","2","1","4","2","2","1","1","0.200026","0.324916"
"1","2","1","4","2","2","1","2","0.156177","0.326377"
"1","2","1","4","2","2","1","3","0.120485","0.767646"
"1","2","1","4","2","2","2","1","0.200026","0.237593"
"1","2","1","4","2","2","2","2","0.156177","0.23594"
"1","2","1","4","2","2","2","3","0.120485","0.711908"
"1","2","2","1","1","1","1","1","0.394985","0.267354"
"1","2","2","1","1","1","1","2","0.355385","0.362991"
"1","2","2","1","1","1","1","3","0.1646","0.765603"
"1","2","2","1","1","1","2","1","0.394985","0.235506"
"1","2","2","1","1","1","2","2","0.355385","0.323466"
"1","2","2","1","1","1","2","3","0.1646","0.715497"
"1","2","2","1","1","2","1","1","0.378459","0.267354"
"1","2","2","1","1","2","1","2","0.348796","0.362991"
"1","2","2","1","1","2","1","3","0.212298","0.765603"
"1","2","2","1","1","2","2","1","0.378459","0.235506"
"1","2","2","1","1","2","2","2","0.348796","0.323466"
"1","2","2","1","1","2","2","3","0.212298","0.715497"
"1","2","2","1","2","1","1","1","0.382897","0.271135"
"1","2","2","1","2","1","1","2","0.341867","0.359789"
"1","2","2","1","2","1","1","3","0.164054","0.766097"
"1","2","2","1","2","1","2","1","0.382897","0.235791"
"1","2","2","1","2","1","2","2","0.341867","0.316578"
"1","2","2","1","2","1","2","3","0.164054","0.715704"
"1","2","2","1","2","2","1","1","0.369862","0.271135"
"1","2","2","1","2","2","1","2","0.338462","0.359789"
"1","2","2","1","2","2","1","3","0.209429","0.766097"
"1","2","2","1","2","2","2","1","0.369862","0.235791"
"1","2","2","1","2","2","2","2","0.338462","0.316578"
"1","2","2","1","2","2","2","3","0.209429","0.715704"
"1","2","2","2","1","1","1","1","0.358203","0.278859"
"1","2","2","2","1","1","1","2","0.315806","0.353614"
"1","2","2","2","1","1","1","3","0.163213","0.766857"
"1","2","2","2","1","1","2","1","0.358203","0.236374"
"1","2","2","2","1","1","2","2","0.315806","0.3033"
"1","2","2","2","1","1","2","3","0.163213","0.716022"
"1","2","2","2","1","2","1","1","0.352298","0.278859"
"1","2","2","2","1","2","1","2","0.31854","0.353614"
"1","2","2","2","1","2","1","3","0.20501","0.766857"
"1","2","2","2","1","2","2","1","0.352298","0.236374"
"1","2","2","2","1","2","2","2","0.31854","0.3033"
"1","2","2","2","1","2","2","3","0.20501","0.716022"
"1","2","2","2","2","1","1","1","0.329528","0.287879"
"1","2","2","2","2","1","1","2","0.287723","0.346937"
"1","2","2","2","2","1","1","3","0.162861","0.767469"
"1","2","2","2","2","1","2","1","0.329528","0.237041"
"1","2","2","2","2","1","2","2","0.287723","0.288864"
"1","2","2","2","2","1","2","3","0.162861","0.716212"
"1","2","2","2","2","2","1","1","0.331517","0.287879"
"1","2","2","2","2","2","1","2","0.296344","0.346937"
"1","2","2","2","2","2","1","3","0.200277","0.767469"
"1","2","2","2","2","2","2","1","0.331517","0.237041"
"1","2","2","2","2","2","2","2","0.296344","0.288864"
"1","2","2","2","2","2","2","3","0.200277","0.716212"
"1","2","2","3","1","1","1","1","0.332793","0.286806"
"1","2","2","3","1","1","1","2","0.290968","0.347729"
"1","2","2","3","1","1","1","3","0.162595","0.767415"
"1","2","2","3","1","1","2","1","0.332793","0.236973"
"1","2","2","3","1","1","2","2","0.290968","0.290645"
"1","2","2","3","1","1","2","3","0.162595","0.716255"
"1","2","2","3","1","2","1","1","0.334227","0.286806"
"1","2","2","3","1","2","1","2","0.299552","0.347729"
"1","2","2","3","1","2","1","3","0.201763","0.767415"
"1","2","2","3","1","2","2","1","0.334227","0.236973"
"1","2","2","3","1","2","2","2","0.299552","0.290645"
"1","2","2","3","1","2","2","3","0.201763","0.716255"
"1","2","2","3","2","1","1","1","0.3018","0.296761"
"1","2","2","3","2","1","1","2","0.262446","0.340858"
"1","2","2","3","2","1","1","3","0.163495","0.76787"
"1","2","2","3","2","1","2","1","0.3018","0.237658"
"1","2","2","3","2","1","2","2","0.262446","0.275495"
"1","2","2","3","2","1","2","3","0.163495","0.716163"
"1","2","2","3","2","2","1","1","0.31021","0.296761"
"1","2","2","3","2","2","1","2","0.274219","0.340858"
"1","2","2","3","2","2","1","3","0.194049","0.76787"
"1","2","2","3","2","2","2","1","0.31021","0.237658"
"1","2","2","3","2","2","2","2","0.274219","0.275495"
"1","2","2","3","2","2","2","3","0.194049","0.716163"
"1","2","2","4","1","1","1","1","0.313816","0.292835"
"1","2","2","4","1","1","1","2","0.273323","0.343507"
"1","2","2","4","1","1","1","3","0.162795","0.767723"
"1","2","2","4","1","1","2","1","0.313816","0.237404"
"1","2","2","4","1","1","2","2","0.273323","0.281429"
"1","2","2","4","1","1","2","3","0.162795","0.716275"
"1","2","2","4","1","2","1","1","0.320026","0.292835"
"1","2","2","4","1","2","1","2","0.284773","0.343507"
"1","2","2","4","1","2","1","3","0.198019","0.767723"
"1","2","2","4","1","2","2","1","0.320026","0.237404"
"1","2","2","4","1","2","2","2","0.284773","0.281429"
"1","2","2","4","1","2","2","3","0.198019","0.716275"
"1","2","2","4","2","1","1","1","0.316295","0.292226"
"1","2","2","4","2","1","1","2","0.275027","0.343837"
"1","2","2","4","2","1","1","3","0.163817","0.767662"
"1","2","2","4","2","1","2","1","0.316295","0.237317"
"1","2","2","4","2","1","2","2","0.275027","0.281897"
"1","2","2","4","2","1","2","3","0.163817","0.716058"
"1","2","2","4","2","2","1","1","0.320535","0.292226"
"1","2","2","4","2","2","1","2","0.283792","0.343837"
"1","2","2","4","2","2","1","3","0.194929","0.767662"
"1","2","2","4","2","2","2","1","0.320535","0.237317"
"1","2","2","4","2","2","2","2","0.283792","0.281897"
"1","2","2","4","2","2","2","3","0.194929","0.716058"
"1","3","1","1","1","1","1","1","0.781626","0.233935"
"1","3","1","1","1","1","1","2","0.812939","0.349847"
"1","3","1","1","1","1","1","3","0.873494","0.434931"
"1","3","1","1","1","1","2","1","0.781626","0.283052"
"1","3","1","1","1","1","2","2","0.812939","0.397431"
"1","3","1","1","1","1","2","3","0.873494","0.494285"
"1","3","1","1","1","2","1","1","0.761558","0.233935"
"1","3","1","1","1","2","1","2","0.796418","0.349847"
"1","3","1","1","1","2","1","3","0.86476","0.434931"
"1","3","1","1","1","2","2","1","0.761558","0.283052"
"1","3","1","1","1","2","2","2","0.796418","0.397431"
"1","3","1","1","1","2","2","3","0.86476","0.494285"
"1","3","1","1","2","1","1","1","0.787167","0.234527"
"1","3","1","1","2","1","1","2","0.816982","0.348912"
"1","3","1","1","2","1","1","3","0.870244","0.434619"
"1","3","1","1","2","1","2","1","0.787167","0.284222"
"1","3","1","1","2","1","2","2","0.816982","0.396576"
"1","3","1","1","2","1","2","3","0.870244","0.493335"
"1","3","1","1","2","2","1","1","0.767614","0.234527"
"1","3","1","1","2","2","1","2","0.800621","0.348912"
"1","3","1","1","2","2","1","3","0.860537","0.434619"
"1","3","1","1","2","2","2","1","0.767614","0.284222"
"1","3","1","1","2","2","2","2","0.800621","0.396576"
"1","3","1","1","2","2","2","3","0.860537","0.493335"
"1","3","1","2","1","1","1","1","0.7987","0.23576"
"1","3","1","2","1","1","1","2","0.824591","0.347153"
"1","3","1","2","1","1","1","3","0.864793","0.434097"
"1","3","1","2","1","1","2","1","0.7987","0.286658"
"1","3","1","2","1","1","2","2","0.824591","0.394968"
"1","3","1","2","1","1","2","3","0.864793","0.491741"
"1","3","1","2","1","2","1","1","0.780219","0.23576"
"1","3","1","2","1","2","1","2","0.808531","0.347153"
"1","3","1","2","1","2","1","3","0.853451","0.434097"
"1","3","1","2","1","2","2","1","0.780219","0.286658"
"1","3","1","2","1","2","2","2","0.808531","0.394968"
"1","3","1","2","1","2","2","3","0.853451","0.491741"
"1","3","1","2","2","1","1","1","0.809522","0.237391"
"1","3","1","2","2","1","1","2","0.830594","0.345639"
"1","3","1","2","2","1","1","3","0.85887","0.433573"
"1","3","1","2","2","1","2","1","0.809522","0.289048"
"1","3","1","2","2","1","2","2","0.830594","0.393149"
"1","3","1","2","2","1","2","3","0.85887","0.490057"
"1","3","1","2","2","2","1","1","0.791774","0.237391"
"1","3","1","2","2","2","1","2","0.814441","0.345639"
"1","3","1","2","2","2","1","3","0.845764","0.433573"
"1","3","1","2","2","2","2","1","0.791774","0.289048"
"1","3","1","2","2","2","2","2","0.814441","0.393149"
"1","3","1","2","2","2","2","3","0.845764","0.490057"
"1","3","1","3","1","1","1","1","0.810877","0.237062"
"1","3","1","3","1","1","1","2","0.831623","0.345528"
"1","3","1","3","1","1","1","3","0.860399","0.433675"
"1","3","1","3","1","1","2","1","0.810877","0.28923"
"1","3","1","3","1","1","2","2","0.831623","0.393482"
"1","3","1","3","1","1","2","3","0.860399","0.490457"
"1","3","1","3","1","2","1","1","0.793528","0.237062"
"1","3","1","3","1","2","1","2","0.815841","0.345528"
"1","3","1","3","1","2","1","3","0.84774","0.433675"
"1","3","1","3","1","2","2","1","0.793528","0.28923"
"1","3","1","3","1","2","2","2","0.815841","0.393482"
"1","3","1","3","1","2","2","3","0.84774","0.490457"
"1","3","1","3","2","1","1","1","0.813815","0.239855"
"1","3","1","3","2","1","1","2","0.831592","0.344938"
"1","3","1","3","2","1","1","3","0.851061","0.432976"
"1","3","1","3","2","1","2","1","0.813815","0.290395"
"1","3","1","3","2","1","2","2","0.831592","0.390891"
"1","3","1","3","2","1","2","3","0.851061","0.487936"
"1","3","1","3","2","2","1","1","0.795316","0.239855"
"1","3","1","3","2","2","1","2","0.81425","0.344938"
"1","3","1","3","2","2","1","3","0.835656","0.432976"
"1","3","1","3","2","2","2","1","0.795316","0.290395"
"1","3","1","3","2","2","2","2","0.81425","0.390891"
"1","3","1","3","2","2","2","3","0.835656","0.487936"
"1","3","1","4","1","1","1","1","0.814802","0.238351"
"1","3","1","4","1","1","1","2","0.83309","0.344967"
"1","3","1","4","1","1","1","3","0.855963","0.433326"
"1","3","1","4","1","1","2","1","0.814802","0.29025"
"1","3","1","4","1","1","2","2","0.83309","0.392206"
"1","3","1","4","1","1","2","3","0.855963","0.489241"
"1","3","1","4","1","2","1","1","0.797318","0.238351"
"1","3","1","4","1","2","1","2","0.816786","0.344967"
"1","3","1","4","1","2","1","3","0.841995","0.433326"
"1","3","1","4","1","2","2","1","0.797318","0.29025"
"1","3","1","4","1","2","2","2","0.816786","0.392206"
"1","3","1","4","1","2","2","3","0.841995","0.489241"
"1","3","1","4","2","1","1","1","0.803953","0.238746"
"1","3","1","4","2","1","1","2","0.826629","0.346068"
"1","3","1","4","2","1","1","3","0.853217","0.433196"
"1","3","1","4","2","1","2","1","0.803953","0.2883"
"1","3","1","4","2","1","2","2","0.826629","0.391867"
"1","3","1","4","2","1","2","3","0.853217","0.48858"
"1","3","1","4","2","2","1","1","0.784568","0.238746"
"1","3","1","4","2","2","1","2","0.809048","0.346068"
"1","3","1","4","2","2","1","3","0.838463","0.433196"
"1","3","1","4","2","2","2","1","0.784568","0.2883"
"1","3","1","4","2","2","2","2","0.809048","0.391867"
"1","3","1","4","2","2","2","3","0.838463","0.48858"
"1","3","2","1","1","1","1","1","0.681842","0.231016"
"1","3","2","1","1","1","1","2","0.717066","0.368804"
"1","3","2","1","1","1","1","3","0.889327","0.439008"
"1","3","2","1","1","1","2","1","0.681842","0.263677"
"1","3","2","1","1","1","2","2","0.717066","0.403747"
"1","3","2","1","1","1","2","3","0.889327","0.501655"
"1","3","2","1","1","2","1","1","0.648052","0.231016"
"1","3","2","1","1","2","1","2","0.68839","0.368804"
"1","3","2","1","1","2","1","3","0.886051","0.439008"
"1","3","2","1","1","2","2","1","0.648052","0.263677"
"1","3","2","1","1","2","2","2","0.68839","0.403747"
"1","3","2","1","1","2","2","3","0.886051","0.501655"
"1","3","2","1","2","1","1","1","0.691049","0.231122"
"1","3","2","1","2","1","1","2","0.727298","0.366848"
"1","3","2","1","2","1","1","3","0.889327","0.438528"
"1","3","2","1","2","1","2","1","0.691049","0.265429"
"1","3","2","1","2","1","2","2","0.727298","0.403366"
"1","3","2","1","2","1","2","3","0.889327","0.501141"
"1","3","2","1","2","2","1","1","0.658619","0.231122"
"1","3","2","1","2","2","1","2","0.700095","0.366848"
"1","3","2","1","2","2","1","3","0.885918","0.438528"
"1","3","2","1","2","2","2","1","0.658619","0.265429"
"1","3","2","1","2","2","2","2","0.700095","0.403366"
"1","3","2","1","2","2","2","3","0.885918","0.501141"
"1","3","2","2","1","1","1","1","0.709796","0.231339"
"1","3","2","2","1","1","1","2","0.747133","0.363057"
"1","3","2","2","1","1","1","3","0.889327","0.437763"
"1","3","2","2","1","1","2","1","0.709796","0.268996"
"1","3","2","2","1","1","2","2","0.747133","0.402628"
"1","3","2","2","1","1","2","3","0.889327","0.500322"
"1","3","2","2","1","2","1","1","0.680135","0.231339"
"1","3","2","2","1","2","1","2","0.722786","0.363057"
"1","3","2","2","1","2","1","3","0.885705","0.437763"
"1","3","2","2","1","2","2","1","0.680135","0.268996"
"1","3","2","2","1","2","2","2","0.722786","0.402628"
"1","3","2","2","1","2","2","3","0.885705","0.500322"
"1","3","2","2","2","1","1","1","0.731392","0.231624"
"1","3","2","2","2","1","1","2","0.768556","0.358947"
"1","3","2","2","2","1","1","3","0.888816","0.437073"
"1","3","2","2","2","1","2","1","0.731392","0.273113"
"1","3","2","2","2","1","2","2","0.768556","0.401766"
"1","3","2","2","2","1","2","3","0.888816","0.499487"
"1","3","2","2","2","2","1","1","0.7049","0.231624"
"1","3","2","2","2","2","1","2","0.747255","0.358947"
"1","3","2","2","2","2","1","3","0.884863","0.437073"
"1","3","2","2","2","2","2","1","0.7049","0.273113"
"1","3","2","2","2","2","2","2","0.747255","0.401766"
"1","3","2","2","2","2","2","3","0.884863","0.499487"
"1","3","2","3","1","1","1","1","0.729001","0.231561"
"1","3","2","3","1","1","1","2","0.76617","0.359418"
"1","3","2","3","1","1","1","3","0.889327","0.43718"
"1","3","2","3","1","1","2","1","0.729001","0.272651"
"1","3","2","3","1","1","2","2","0.76617","0.40192"
"1","3","2","3","1","1","2","3","0.889327","0.499699"
"1","3","2","3","1","2","1","1","0.702176","0.231561"
"1","3","2","3","1","2","1","2","0.744564","0.359418"
"1","3","2","3","1","2","1","3","0.885544","0.43718"
"1","3","2","3","1","2","2","1","0.702176","0.272651"
"1","3","2","3","1","2","2","2","0.744564","0.40192"
"1","3","2","3","1","2","2","3","0.885544","0.499699"
"1","3","2","3","2","1","1","1","0.756296","0.232055"
"1","3","2","3","2","1","1","2","0.791481","0.354508"
"1","3","2","3","2","1","1","3","0.887139","0.436392"
"1","3","2","3","2","1","2","1","0.756296","0.277884"
"1","3","2","3","2","1","2","2","0.791481","0.400664"
"1","3","2","3","2","1","2","3","0.887139","0.498439"
"1","3","2","3","2","2","1","1","0.733398","0.232055"
"1","3","2","3","2","2","1","2","0.773331","0.354508"
"1","3","2","3","2","2","1","3","0.882538","0.436392"
"1","3","2","3","2","2","2","1","0.733398","0.277884"
"1","3","2","3","2","2","2","2","0.773331","0.400664"
"1","3","2","3","2","2","2","3","0.882538","0.498439"
"1","3","2","4","1","1","1","1","0.743158","0.231789"
"1","3","2","4","1","1","1","2","0.77958","0.356828"
"1","3","2","4","1","1","1","3","0.888471","0.436766"
"1","3","2","4","1","1","2","1","0.743158","0.275358"
"1","3","2","4","1","1","2","2","0.77958","0.401306"
"1","3","2","4","1","1","2","3","0.888471","0.499093"
"1","3","2","4","1","2","1","1","0.718387","0.231789"
"1","3","2","4","1","2","1","2","0.759837","0.356828"
"1","3","2","4","1","2","1","3","0.884338","0.436766"
"1","3","2","4","1","2","2","1","0.718387","0.275359"
"1","3","2","4","1","2","2","2","0.759837","0.401306"
"1","3","2","4","1","2","2","3","0.884338","0.499093"
"1","3","2","4","2","1","1","1","0.741062","0.231877"
"1","3","2","4","2","1","1","2","0.777918","0.357099"
"1","3","2","4","2","1","1","3","0.886958","0.436682"
"1","3","2","4","2","1","2","1","0.741062","0.274985"
"1","3","2","4","2","1","2","2","0.777918","0.401164"
"1","3","2","4","2","1","2","3","0.886958","0.498716"
"1","3","2","4","2","2","1","1","0.715917","0.231877"
"1","3","2","4","2","2","1","2","0.757813","0.357099"
"1","3","2","4","2","2","1","3","0.882389","0.436682"
"1","3","2","4","2","2","2","1","0.715917","0.274985"
"1","3","2","4","2","2","2","2","0.757813","0.401164"
"1","3","2","4","2","2","2","3","0.882389","0.498716"
"2","1","1","1","1","1","1","1","0.530805","0.235022"
"2","1","1","1","1","1","1","2","0.539824","0.382129"
"2","1","1","1","1","1","1","3","0.601854","0.554251"
"2","1","1","1","1","1","2","1","0.530805","0.237395"
"2","1","1","1","1","1","2","2","0.539824","0.383654"
"2","1","1","1","1","1","2","3","0.601854","0.569709"
"2","1","1","1","1","2","1","1","0.483321","0.235022"
"2","1","1","1","1","2","1","2","0.496","0.382129"
"2","1","1","1","1","2","1","3","0.588968","0.554251"
"2","1","1","1","1","2","2","1","0.483321","0.237395"
"2","1","1","1","1","2","2","2","0.496","0.383654"
"2","1","1","1","1","2","2","3","0.588968","0.569709"
"2","1","1","1","2","1","1","1","0.537396","0.236599"
"2","1","1","1","2","1","1","2","0.548705","0.378329"
"2","1","1","1","2","1","1","3","0.613747","0.548003"
"2","1","1","1","2","1","2","1","0.537396","0.239539"
"2","1","1","1","2","1","2","2","0.548705","0.380465"
"2","1","1","1","2","1","2","3","0.613747","0.565572"
"2","1","1","1","2","2","1","1","0.492959","0.236599"
"2","1","1","1","2","2","1","2","0.508625","0.378329"
"2","1","1","1","2","2","1","3","0.604257","0.548003"
"2","1","1","1","2","2","2","1","0.492959","0.239539"
"2","1","1","1","2","2","2","2","0.508625","0.380465"
"2","1","1","1","2","2","2","3","0.604257","0.565572"
"2","1","1","2","1","1","1","1","0.550948","0.23984"
"2","1","1","2","1","1","1","2","0.565599","0.371101"
"2","1","1","2","1","1","1","3","0.62826","0.540378"
"2","1","1","2","1","1","2","1","0.550948","0.243947"
"2","1","1","2","1","1","2","2","0.565599","0.374398"
"2","1","1","2","1","1","2","3","0.62826","0.560523"
"2","1","1","2","1","2","1","1","0.512776","0.23984"
"2","1","1","2","1","2","1","2","0.532641","0.371101"
"2","1","1","2","1","2","1","3","0.622916","0.540378"
"2","1","1","2","1","2","2","1","0.512776","0.243947"
"2","1","1","2","1","2","2","2","0.532641","0.374398"
"2","1","1","2","1","2","2","3","0.622916","0.560523"
"2","1","1","2","2","1","1","1","0.568362","0.24413"
"2","1","1","2","2","1","1","2","0.586209","0.36243"
"2","1","1","2","2","1","1","3","0.639423","0.534395"
"2","1","1","2","2","1","2","1","0.568362","0.249551"
"2","1","1","2","2","1","2","2","0.586209","0.366862"
"2","1","1","2","2","1","2","3","0.639423","0.556192"
"2","1","1","2","2","2","1","1","0.537088","0.24413"
"2","1","1","2","2","2","1","2","0.55986","0.36243"
"2","1","1","2","2","2","1","3","0.633136","0.534395"
"2","1","1","2","2","2","2","1","0.537088","0.249551"
"2","1","1","2","2","2","2","2","0.55986","0.366862"
"2","1","1","2","2","2","2","3","0.633136","0.556192"
"2","1","1","3","1","1","1","1","0.565014","0.243205"
"2","1","1","3","1","1","1","2","0.581425","0.364329"
"2","1","1","3","1","1","1","3","0.636786","0.535899"
"2","1","1","3","1","1","2","1","0.565014","0.248522"
"2","1","1","3","1","1","2","2","0.581425","0.368715"
"2","1","1","3","1","1","2","3","0.636786","0.557557"
"2","1","1","3","1","2","1","1","0.533345","0.243205"
"2","1","1","3","1","2","1","2","0.55514","0.364329"
"2","1","1","3","1","2","1","3","0.633877","0.535899"
"2","1","1","3","1","2","2","1","0.533345","0.248522"
"2","1","1","3","1","2","2","2","0.55514","0.368715"
"2","1","1","3","1","2","2","3","0.633877","0.557557"
"2","1","1","3","2","1","1","1","0.581761","0.251012"
"2","1","1","3","2","1","1","2","0.601317","0.352303"
"2","1","1","3","2","1","1","3","0.63697","0.535359"
"2","1","1","3","2","1","2","1","0.581761","0.25567"
"2","1","1","3","2","1","2","2","0.601317","0.355541"
"2","1","1","3","2","1","2","3","0.63697","0.55611"
"2","1","1","3","2","2","1","1","0.555962","0.251012"
"2","1","1","3","2","2","1","2","0.577863","0.352303"
"2","1","1","3","2","2","1","3","0.623071","0.535359"
"2","1","1","3","2","2","2","1","0.555962","0.25567"
"2","1","1","3","2","2","2","2","0.577863","0.355541"
"2","1","1","3","2","2","2","3","0.623071","0.55611"
"2","1","1","4","1","1","1","1","0.578511","0.246661"
"2","1","1","4","1","1","1","2","0.597099","0.357881"
"2","1","1","4","1","1","1","3","0.643545","0.532165"
"2","1","1","4","1","1","2","1","0.578511","0.252801"
"2","1","1","4","1","1","2","2","0.597099","0.362849"
"2","1","1","4","1","1","2","3","0.643545","0.554512"
"2","1","1","4","1","2","1","1","0.55097","0.246661"
"2","1","1","4","1","2","1","2","0.573785","0.357881"
"2","1","1","4","1","2","1","3","0.636162","0.532165"
"2","1","1","4","1","2","2","1","0.55097","0.252801"
"2","1","1","4","1","2","2","2","0.573785","0.362849"
"2","1","1","4","1","2","2","3","0.636162","0.554512"
"2","1","1","4","2","1","1","1","0.582432","0.248016"
"2","1","1","4","2","1","1","2","0.603765","0.355461"
"2","1","1","4","2","1","1","3","0.646674","0.530262"
"2","1","1","4","2","1","2","1","0.582432","0.253872"
"2","1","1","4","2","1","2","2","0.603765","0.360059"
"2","1","1","4","2","1","2","3","0.646674","0.552438"
"2","1","1","4","2","2","1","1","0.552815","0.248016"
"2","1","1","4","2","2","1","2","0.577181","0.355461"
"2","1","1","4","2","2","1","3","0.631102","0.530262"
"2","1","1","4","2","2","2","1","0.552815","0.253872"
"2","1","1","4","2","2","2","2","0.577181","0.360059"
"2","1","1","4","2","2","2","3","0.631102","0.552438"
"2","1","2","1","1","1","1","1","0.526173","0.23205"
"2","1","2","1","1","1","1","2","0.530083","0.389933"
"2","1","2","1","1","1","1","3","0.59871","0.557637"
"2","1","2","1","1","1","2","1","0.526173","0.235049"
"2","1","2","1","1","1","2","2","0.530083","0.392891"
"2","1","2","1","1","1","2","3","0.59871","0.57552"
"2","1","2","1","1","2","1","1","0.477432","0.23205"
"2","1","2","1","1","2","1","2","0.484939","0.389933"
"2","1","2","1","1","2","1","3","0.617692","0.557637"
"2","1","2","1","1","2","2","1","0.477432","0.235049"
"2","1","2","1","1","2","2","2","0.484939","0.392891"
"2","1","2","1","1","2","2","3","0.617692","0.57552"
"2","1","2","1","2","1","1","1","0.528083","0.232489"
"2","1","2","1","2","1","1","2","0.532699","0.388778"
"2","1","2","1","2","1","1","3","0.605763","0.553822"
"2","1","2","1","2","1","2","1","0.528083","0.235676"
"2","1","2","1","2","1","2","2","0.532699","0.391949"
"2","1","2","1","2","1","2","3","0.605763","0.572833"
"2","1","2","1","2","2","1","1","0.480357","0.232489"
"2","1","2","1","2","2","1","2","0.488942","0.388778"
"2","1","2","1","2","2","1","3","0.625665","0.553822"
"2","1","2","1","2","2","2","1","0.480357","0.235676"
"2","1","2","1","2","2","2","2","0.488942","0.391949"
"2","1","2","1","2","2","2","3","0.625665","0.572833"
"2","1","2","2","1","1","1","1","0.531928","0.233373"
"2","1","2","2","1","1","1","2","0.537871","0.386496"
"2","1","2","2","1","1","1","3","0.616378","0.548079"
"2","1","2","2","1","1","2","1","0.531928","0.236937"
"2","1","2","2","1","1","2","2","0.537871","0.390086"
"2","1","2","2","1","1","2","3","0.616378","0.568789"
"2","1","2","2","1","2","1","1","0.486245","0.233373"
"2","1","2","2","1","2","1","2","0.496857","0.386496"
"2","1","2","2","1","2","1","3","0.637665","0.548079"
"2","1","2","2","1","2","2","1","0.486245","0.236937"
"2","1","2","2","1","2","2","2","0.496857","0.390086"
"2","1","2","2","1","2","2","3","0.637665","0.568789"
"2","1","2","2","2","1","1","1","0.541922","0.235678"
"2","1","2","2","2","1","1","2","0.550896","0.380758"
"2","1","2","2","2","1","1","3","0.632576","0.539292"
"2","1","2","2","2","1","2","1","0.541922","0.24021"
"2","1","2","2","2","1","2","2","0.550896","0.385379"
"2","1","2","2","2","1","2","3","0.632576","0.562527"
"2","1","2","2","2","2","1","1","0.501479","0.235678"
"2","1","2","2","2","2","1","2","0.516617","0.380758"
"2","1","2","2","2","2","1","3","0.65515","0.539292"
"2","1","2","2","2","2","2","1","0.501479","0.24021"
"2","1","2","2","2","2","2","2","0.516617","0.385379"
"2","1","2","2","2","2","2","3","0.65515","0.562527"
"2","1","2","3","1","1","1","1","0.535804","0.234264"
"2","1","2","3","1","1","1","2","0.542964","0.384249"
"2","1","2","3","1","1","1","3","0.623987","0.543963"
"2","1","2","3","1","1","2","1","0.535804","0.238208"
"2","1","2","3","1","1","2","2","0.542964","0.388251"
"2","1","2","3","1","1","2","3","0.623987","0.56589"
"2","1","2","3","1","2","1","1","0.492181","0.234264"
"2","1","2","3","1","2","1","2","0.504652","0.384249"
"2","1","2","3","1","2","1","3","0.646267","0.543963"
"2","1","2","3","1","2","2","1","0.492181","0.238208"
"2","1","2","3","1","2","2","2","0.504652","0.388251"
"2","1","2","3","1","2","2","3","0.646267","0.56589"
"2","1","2","3","2","1","1","1","0.566997","0.242315"
"2","1","2","3","2","1","1","2","0.580115","0.366541"
"2","1","2","3","2","1","1","3","0.643838","0.533067"
"2","1","2","3","2","1","2","1","0.566997","0.248987"
"2","1","2","3","2","1","2","2","0.580115","0.373112"
"2","1","2","3","2","1","2","3","0.643838","0.558024"
"2","1","2","3","2","2","1","1","0.54098","0.242315"
"2","1","2","3","2","2","1","2","0.562394","0.366541"
"2","1","2","3","2","2","1","3","0.667566","0.533067"
"2","1","2","3","2","2","2","1","0.54098","0.248987"
"2","1","2","3","2","2","2","2","0.562394","0.373112"
"2","1","2","3","2","2","2","3","0.667566","0.558024"
"2","1","2","4","1","1","1","1","0.548874","0.237282"
"2","1","2","4","1","1","1","2","0.559508","0.376966"
"2","1","2","4","1","1","1","3","0.638998","0.535805"
"2","1","2","4","1","1","2","1","0.548874","0.242487"
"2","1","2","4","1","1","2","2","0.559508","0.382265"
"2","1","2","4","1","1","2","3","0.638998","0.560036"
"2","1","2","4","1","2","1","1","0.512068","0.237282"
"2","1","2","4","1","2","1","2","0.529662","0.376966"
"2","1","2","4","1","2","1","3","0.662004","0.535805"
"2","1","2","4","1","2","2","1","0.512068","0.242487"
"2","1","2","4","1","2","2","2","0.529662","0.382265"
"2","1","2","4","1","2","2","3","0.662004","0.560036"
"2","1","2","4","2","1","1","1","0.567252","0.241529"
"2","1","2","4","2","1","1","2","0.580726","0.367633"
"2","1","2","4","2","1","1","3","0.648577","0.530591"
"2","1","2","4","2","1","2","1","0.567252","0.248501"
"2","1","2","4","2","1","2","2","0.580726","0.374578"
"2","1","2","4","2","1","2","3","0.648577","0.556264"
"2","1","2","4","2","2","1","1","0.539976","0.241529"
"2","1","2","4","2","2","1","2","0.561613","0.367633"
"2","1","2","4","2","2","1","3","0.671698","0.530591"
"2","1","2","4","2","2","2","1","0.539976","0.248501"
"2","1","2","4","2","2","2","2","0.561613","0.374578"
"2","1","2","4","2","2","2","3","0.671698","0.556264"
"2","2","1","1","1","1","1","1","0.505324","0.239436"
"2","2","1","1","1","1","1","2","0.516015","0.387466"
"2","2","1","1","1","1","1","3","0.587475","0.559334"
"2","2","1","1","1","1","2","1","0.505324","0.23693"
"2","2","1","1","1","1","2","2","0.516015","0.384774"
"2","2","1","1","1","1","2","3","0.587475","0.572507"
"2","2","1","1","1","2","1","1","0.455593","0.239436"
"2","2","1","1","1","2","1","2","0.470379","0.387466"
"2","2","1","1","1","2","1","3","0.575833","0.559334"
"2","2","1","1","1","2","2","1","0.455593","0.23693"
"2","2","1","1","1","2","2","2","0.470379","0.384774"
"2","2","1","1","1","2","2","3","0.575833","0.572507"
"2","2","1","1","2","1","1","1","0.511125","0.241458"
"2","2","1","1","2","1","1","2","0.523909","0.383287"
"2","2","1","1","2","1","1","3","0.594173","0.555376"
"2","2","1","1","2","1","2","1","0.511125","0.239186"
"2","2","1","1","2","1","2","2","0.523909","0.380803"
"2","2","1","1","2","1","2","3","0.594173","0.569855"
"2","2","1","1","2","2","1","1","0.464964","0.241458"
"2","2","1","1","2","2","1","2","0.482647","0.383287"
"2","2","1","1","2","2","1","3","0.586432","0.555376"
"2","2","1","1","2","2","2","1","0.464964","0.239186"
"2","2","1","1","2","2","2","2","0.482647","0.380803"
"2","2","1","1","2","2","2","3","0.586432","0.569855"
"2","2","1","2","1","1","1","1","0.523076","0.245625"
"2","2","1","2","1","1","1","2","0.538871","0.375365"
"2","2","1","2","1","1","1","3","0.60215","0.550661"
"2","2","1","2","1","1","2","1","0.523076","0.243832"
"2","2","1","2","1","1","2","2","0.538871","0.373276"
"2","2","1","2","1","1","2","3","0.60215","0.566697"
"2","2","1","2","1","2","1","1","0.484272","0.245625"
"2","2","1","2","1","2","1","2","0.505902","0.375365"
"2","2","1","2","1","2","1","3","0.599057","0.550661"
"2","2","1","2","1","2","2","1","0.484272","0.243832"
"2","2","1","2","1","2","2","2","0.505902","0.373276"
"2","2","1","2","1","2","2","3","0.599057","0.566697"
"2","2","1","2","2","1","1","1","0.538844","0.251078"
"2","2","1","2","2","1","1","2","0.557632","0.365857"
"2","2","1","2","2","1","1","3","0.609324","0.547067"
"2","2","1","2","2","1","2","1","0.538844","0.249792"
"2","2","1","2","2","1","2","2","0.557632","0.364084"
"2","2","1","2","2","1","2","3","0.609324","0.564083"
"2","2","1","2","2","2","1","1","0.508095","0.251078"
"2","2","1","2","2","2","1","2","0.53217","0.365857"
"2","2","1","2","2","2","1","3","0.604836","0.547067"
"2","2","1","2","2","2","2","1","0.508095","0.249792"
"2","2","1","2","2","2","2","2","0.53217","0.364084"
"2","2","1","2","2","2","2","3","0.604836","0.564083"
"2","2","1","3","1","1","1","1","0.535516","0.249963"
"2","2","1","3","1","1","1","2","0.552825","0.367977"
"2","2","1","3","1","1","1","3","0.606739","0.547949"
"2","2","1","3","1","1","2","1","0.535516","0.248669"
"2","2","1","3","1","1","2","2","0.552825","0.366256"
"2","2","1","3","1","1","2","3","0.606739","0.56488"
"2","2","1","3","1","2","1","1","0.504371","0.249963"
"2","2","1","3","1","2","1","2","0.52759","0.367977"
"2","2","1","3","1","2","1","3","0.606319","0.547949"
"2","2","1","3","1","2","2","1","0.504371","0.248669"
"2","2","1","3","1","2","2","2","0.52759","0.366256"
"2","2","1","3","1","2","2","3","0.606319","0.56488"
"2","2","1","3","2","1","1","1","0.554288","0.258486"
"2","2","1","3","2","1","1","2","0.575201","0.355338"
"2","2","1","3","2","1","1","3","0.610727","0.547312"
"2","2","1","3","2","1","2","1","0.554288","0.256446"
"2","2","1","3","2","1","2","2","0.575201","0.352511"
"2","2","1","3","2","1","2","3","0.610727","0.563775"
"2","2","1","3","2","2","1","1","0.528992","0.258486"
"2","2","1","3","2","2","1","2","0.551947","0.355338"
"2","2","1","3","2","2","1","3","0.596764","0.547312"
"2","2","1","3","2","2","2","1","0.528992","0.256446"
"2","2","1","3","2","2","2","2","0.551947","0.352511"
"2","2","1","3","2","2","2","3","0.596764","0.563775"
"2","2","1","4","1","1","1","1","0.548156","0.254288"
"2","2","1","4","1","1","1","2","0.567626","0.360882"
"2","2","1","4","1","1","1","3","0.612148","0.545749"
"2","2","1","4","1","1","2","1","0.548156","0.25327"
"2","2","1","4","1","1","2","2","0.567626","0.359239"
"2","2","1","4","1","1","2","3","0.612148","0.563089"
"2","2","1","4","1","2","1","1","0.521763","0.254288"
"2","2","1","4","1","2","1","2","0.545548","0.360882"
"2","2","1","4","1","2","1","3","0.606272","0.545749"
"2","2","1","4","1","2","2","1","0.521763","0.25327"
"2","2","1","4","1","2","2","2","0.545548","0.359239"
"2","2","1","4","1","2","2","3","0.606272","0.563089"
"2","2","1","4","2","1","1","1","0.55288","0.255784"
"2","2","1","4","2","1","1","2","0.57518","0.358117"
"2","2","1","4","2","1","1","3","0.616361","0.544664"
"2","2","1","4","2","1","2","1","0.55288","0.254528"
"2","2","1","4","2","1","2","2","0.57518","0.356154"
"2","2","1","4","2","1","2","3","0.616361","0.561913"
"2","2","1","4","2","2","1","1","0.523806","0.255784"
"2","2","1","4","2","2","1","2","0.548886","0.358117"
"2","2","1","4","2","2","1","3","0.600797","0.544664"
"2","2","1","4","2","2","2","1","0.523806","0.254528"
"2","2","1","4","2","2","2","2","0.548886","0.356154"
"2","2","1","4","2","2","2","3","0.600797","0.561913"
"2","2","2","1","1","1","1","1","0.499459","0.236418"
"2","2","2","1","1","1","1","2","0.503501","0.395607"
"2","2","2","1","1","1","1","3","0.573389","0.56352"
"2","2","2","1","1","1","2","1","0.499459","0.234361"
"2","2","2","1","1","1","2","2","0.503501","0.393963"
"2","2","2","1","1","1","2","3","0.573389","0.577461"
"2","2","2","1","1","2","1","1","0.448337","0.236418"
"2","2","2","1","1","2","1","2","0.456326","0.395607"
"2","2","2","1","1","2","1","3","0.595764","0.56352"
"2","2","2","1","1","2","2","1","0.448337","0.234361"
"2","2","2","1","1","2","2","2","0.456326","0.393963"
"2","2","2","1","1","2","2","3","0.595764","0.577461"
"2","2","2","1","2","1","1","1","0.501096","0.236991"
"2","2","2","1","2","1","1","2","0.505759","0.394345"
"2","2","2","1","2","1","1","3","0.578038","0.56086"
"2","2","2","1","2","1","2","1","0.501096","0.235016"
"2","2","2","1","2","1","2","2","0.505759","0.39278"
"2","2","2","1","2","1","2","3","0.578038","0.575565"
"2","2","2","1","2","2","1","1","0.451172","0.236991"
"2","2","2","1","2","2","1","2","0.460227","0.394345"
"2","2","2","1","2","2","1","3","0.601689","0.56086"
"2","2","2","1","2","2","2","1","0.451172","0.235016"
"2","2","2","1","2","2","2","2","0.460227","0.39278"
"2","2","2","1","2","2","2","3","0.601689","0.575565"
"2","2","2","2","1","1","1","1","0.504391","0.238146"
"2","2","2","2","1","1","1","2","0.510219","0.391851"
"2","2","2","2","1","1","1","3","0.58493","0.556917"
"2","2","2","2","1","1","2","1","0.504391","0.236334"
"2","2","2","2","1","1","2","2","0.510219","0.390443"
"2","2","2","2","1","1","2","3","0.58493","0.572754"
"2","2","2","2","1","2","1","1","0.456878","0.238146"
"2","2","2","2","1","2","1","2","0.467931","0.391851"
"2","2","2","2","1","2","1","3","0.610475","0.556917"
"2","2","2","2","1","2","2","1","0.456878","0.236334"
"2","2","2","2","1","2","2","2","0.467931","0.390443"
"2","2","2","2","1","2","2","3","0.610475","0.572754"
"2","2","2","2","2","1","1","1","0.512986","0.241155"
"2","2","2","2","2","1","1","2","0.521484","0.385589"
"2","2","2","2","2","1","1","3","0.595451","0.551023"
"2","2","2","2","2","1","2","1","0.512986","0.239763"
"2","2","2","2","2","1","2","2","0.521484","0.38456"
"2","2","2","2","2","1","2","3","0.595451","0.568512"
"2","2","2","2","2","2","1","1","0.471662","0.241155"
"2","2","2","2","2","2","1","2","0.487135","0.385589"
"2","2","2","2","2","2","1","3","0.622838","0.551023"
"2","2","2","2","2","2","2","1","0.471662","0.239763"
"2","2","2","2","2","2","2","2","0.487135","0.38456"
"2","2","2","2","2","2","2","3","0.622838","0.568512"
"2","2","2","3","1","1","1","1","0.507715","0.239311"
"2","2","2","3","1","1","1","2","0.514607","0.389398"
"2","2","2","3","1","1","1","3","0.589795","0.554133"
"2","2","2","3","1","1","2","1","0.507715","0.237664"
"2","2","2","3","1","1","2","2","0.514607","0.388144"
"2","2","2","3","1","1","2","3","0.589795","0.57077"
"2","2","2","3","1","2","1","1","0.462635","0.239311"
"2","2","2","3","1","2","1","2","0.47551","0.389398"
"2","2","2","3","1","2","1","3","0.616676","0.554133"
"2","2","2","3","1","2","2","1","0.462635","0.237664"
"2","2","2","3","1","2","2","2","0.47551","0.388144"
"2","2","2","3","1","2","2","3","0.616676","0.57077"
"2","2","2","3","2","1","1","1","0.535143","0.249522"
"2","2","2","3","2","1","1","2","0.547311","0.370363"
"2","2","2","3","2","1","1","3","0.603155","0.546604"
"2","2","2","3","2","1","2","1","0.535143","0.248983"
"2","2","2","3","2","1","2","2","0.547311","0.369926"
"2","2","2","3","2","1","2","3","0.603155","0.565257"
"2","2","2","3","2","2","1","1","0.510628","0.249522"
"2","2","2","3","2","2","1","2","0.532057","0.370363"
"2","2","2","3","2","2","1","3","0.631898","0.546604"
"2","2","2","3","2","2","2","1","0.510628","0.248983"
"2","2","2","3","2","2","2","2","0.532057","0.369926"
"2","2","2","3","2","2","2","3","0.631898","0.565257"
"2","2","2","4","1","1","1","1","0.518976","0.243251"
"2","2","2","4","1","1","1","2","0.52892","0.381459"
"2","2","2","4","1","1","1","3","0.599566","0.548729"
"2","2","2","4","1","1","2","1","0.518976","0.242151"
"2","2","2","4","1","1","2","2","0.52892","0.380679"
"2","2","2","4","1","1","2","3","0.599566","0.566857"
"2","2","2","4","1","2","1","1","0.481953","0.243251"
"2","2","2","4","1","2","1","2","0.499784","0.381459"
"2","2","2","4","1","2","1","3","0.627577","0.548729"
"2","2","2","4","1","2","2","1","0.481953","0.242151"
"2","2","2","4","1","2","2","2","0.499784","0.380679"
"2","2","2","4","1","2","2","3","0.627577","0.566857"
"2","2","2","4","2","1","1","1","0.534868","0.24881"
"2","2","2","4","2","1","1","2","0.547236","0.371326"
"2","2","2","4","2","1","1","3","0.605772","0.545346"
"2","2","2","4","2","1","2","1","0.534868","0.248473"
"2","2","2","4","2","1","2","2","0.547236","0.371141"
"2","2","2","4","2","1","2","3","0.605772","0.56439"
"2","2","2","4","2","2","1","1","0.509133","0.24881"
"2","2","2","4","2","2","1","2","0.530669","0.371326"
"2","2","2","4","2","2","1","3","0.634083","0.545346"
"2","2","2","4","2","2","2","1","0.509133","0.248473"
"2","2","2","4","2","2","2","2","0.530669","0.371141"
"2","2","2","4","2","2","2","3","0.634083","0.56439"
"2","3","1","1","1","1","1","1","0.59891","0.22941"
"2","3","1","1","1","1","1","2","0.634622","0.383233"
"2","3","1","1","1","1","1","3","0.885082","0.419349"
"2","3","1","1","1","1","2","1","0.59891","0.246584"
"2","3","1","1","1","1","2","2","0.634622","0.404103"
"2","3","1","1","1","1","2","3","0.885082","0.480551"
"2","3","1","1","1","2","1","1","0.552585","0.22941"
"2","3","1","1","1","2","1","2","0.592775","0.383233"
"2","3","1","1","1","2","1","3","0.875242","0.419349"
"2","3","1","1","1","2","2","1","0.552585","0.246584"
"2","3","1","1","1","2","2","2","0.592775","0.404103"
"2","3","1","1","1","2","2","3","0.875242","0.480551"
"2","3","1","1","2","1","1","1","0.614918","0.229398"
"2","3","1","1","2","1","1","2","0.655564","0.379888"
"2","3","1","1","2","1","1","3","0.891808","0.416795"
"2","3","1","1","2","1","2","1","0.614918","0.24943"
"2","3","1","1","2","1","2","2","0.655564","0.404043"
"2","3","1","1","2","1","2","3","0.891808","0.479124"
"2","3","1","1","2","2","1","1","0.570754","0.229398"
"2","3","1","1","2","2","1","2","0.616515","0.379888"
"2","3","1","1","2","2","1","3","0.883093","0.416795"
"2","3","1","1","2","2","2","1","0.570754","0.24943"
"2","3","1","1","2","2","2","2","0.616515","0.404043"
"2","3","1","1","2","2","2","3","0.883093","0.479124"
"2","3","1","2","1","1","1","1","0.647829","0.229375"
"2","3","1","2","1","1","1","2","0.695401","0.373526"
"2","3","1","2","1","1","1","3","0.900017","0.413679"
"2","3","1","2","1","1","2","1","0.647829","0.255281"
"2","3","1","2","1","1","2","2","0.695401","0.403928"
"2","3","1","2","1","1","2","3","0.900017","0.477384"
"2","3","1","2","1","2","1","1","0.608108","0.229375"
"2","3","1","2","1","2","1","2","0.661673","0.373526"
"2","3","1","2","1","2","1","3","0.892674","0.413679"
"2","3","1","2","1","2","2","1","0.608108","0.255281"
"2","3","1","2","1","2","2","2","0.661673","0.403928"
"2","3","1","2","1","2","2","3","0.892674","0.477384"
"2","3","1","2","2","1","1","1","0.689333","0.229545"
"2","3","1","2","2","1","1","2","0.7424","0.365983"
"2","3","1","2","2","1","1","3","0.903242","0.411162"
"2","3","1","2","2","1","2","1","0.689333","0.262698"
"2","3","1","2","2","1","2","2","0.7424","0.403482"
"2","3","1","2","2","1","2","3","0.903242","0.475329"
"2","3","1","2","2","2","1","1","0.655086","0.229545"
"2","3","1","2","2","2","1","2","0.714717","0.365983"
"2","3","1","2","2","2","1","3","0.896077","0.411162"
"2","3","1","2","2","2","2","1","0.655086","0.262698"
"2","3","1","2","2","2","2","2","0.714717","0.403482"
"2","3","1","2","2","2","2","3","0.896077","0.475329"
"2","3","1","3","1","1","1","1","0.68199","0.229351"
"2","3","1","3","1","1","1","2","0.732722","0.367566"
"2","3","1","3","1","1","1","3","0.904839","0.411848"
"2","3","1","3","1","1","2","1","0.68199","0.261355"
"2","3","1","3","1","1","2","2","0.732722","0.403821"
"2","3","1","3","1","1","2","3","0.904839","0.476361"
"2","3","1","3","1","2","1","1","0.646882","0.229351"
"2","3","1","3","1","2","1","2","0.703979","0.367566"
"2","3","1","3","1","2","1","3","0.898302","0.411848"
"2","3","1","3","1","2","2","1","0.646882","0.261355"
"2","3","1","3","1","2","2","2","0.703979","0.403821"
"2","3","1","3","1","2","2","3","0.898302","0.476361"
"2","3","1","3","2","1","1","1","0.738329","0.230424"
"2","3","1","3","2","1","1","2","0.792941","0.357618"
"2","3","1","3","2","1","1","3","0.899693","0.409627"
"2","3","1","3","2","1","2","1","0.738329","0.271626"
"2","3","1","3","2","1","2","2","0.792941","0.402044"
"2","3","1","3","2","1","2","3","0.899693","0.473014"
"2","3","1","3","2","2","1","1","0.710205","0.230424"
"2","3","1","3","2","2","1","2","0.771232","0.357618"
"2","3","1","3","2","2","1","3","0.891129","0.409627"
"2","3","1","3","2","2","2","1","0.710205","0.271626"
"2","3","1","3","2","2","2","2","0.771232","0.402044"
"2","3","1","3","2","2","2","3","0.891129","0.473014"
"2","3","1","4","1","1","1","1","0.713326","0.229695"
"2","3","1","4","1","1","1","2","0.766881","0.362046"
"2","3","1","4","1","1","1","3","0.903874","0.410211"
"2","3","1","4","1","1","2","1","0.713326","0.266994"
"2","3","1","4","1","1","2","2","0.766881","0.403178"
"2","3","1","4","1","1","2","3","0.903874","0.474442"
"2","3","1","4","1","2","1","1","0.68221","0.229695"
"2","3","1","4","1","2","1","2","0.742295","0.362046"
"2","3","1","4","1","2","1","3","0.896616","0.410211"
"2","3","1","4","1","2","2","1","0.68221","0.266994"
"2","3","1","4","1","2","2","2","0.742295","0.403178"
"2","3","1","4","1","2","2","3","0.896616","0.474442"
"2","3","1","4","2","1","1","1","0.720188","0.230364"
"2","3","1","4","2","1","1","2","0.777918","0.360174"
"2","3","1","4","2","1","1","3","0.898853","0.409274"
"2","3","1","4","2","1","2","1","0.720188","0.268339"
"2","3","1","4","2","1","2","2","0.777918","0.402237"
"2","3","1","4","2","1","2","3","0.898853","0.472494"
"2","3","1","4","2","2","1","1","0.689559","0.230364"
"2","3","1","4","2","2","1","2","0.754127","0.360174"
"2","3","1","4","2","2","1","3","0.889963","0.409274"
"2","3","1","4","2","2","2","1","0.689559","0.268339"
"2","3","1","4","2","2","2","2","0.754127","0.402237"
"2","3","1","4","2","2","2","3","0.889963","0.472494"
"2","3","2","1","1","1","1","1","0.579702","0.228938"
"2","3","2","1","1","1","1","2","0.596116","0.389641"
"2","3","2","1","1","1","1","3","0.884964","0.432372"
"2","3","2","1","1","1","2","1","0.579702","0.243058"
"2","3","2","1","1","1","2","2","0.596116","0.405276"
"2","3","2","1","1","1","2","3","0.884964","0.494418"
"2","3","2","1","1","2","1","1","0.53105","0.228938"
"2","3","2","1","1","2","1","2","0.54974","0.389641"
"2","3","2","1","1","2","1","3","0.878736","0.432372"
"2","3","2","1","1","2","2","1","0.53105","0.243058"
"2","3","2","1","1","2","2","2","0.54974","0.405276"
"2","3","2","1","1","2","2","3","0.878736","0.494418"
"2","3","2","1","2","1","1","1","0.584415","0.228911"
"2","3","2","1","2","1","1","2","0.602573","0.388614"
"2","3","2","1","2","1","1","3","0.890391","0.429701"
"2","3","2","1","2","1","2","1","0.584415","0.243891"
"2","3","2","1","2","1","2","2","0.602573","0.405298"
"2","3","2","1","2","1","2","3","0.890391","0.492611"
"2","3","2","1","2","2","1","1","0.536415","0.228911"
"2","3","2","1","2","2","1","2","0.55709","0.388614"
"2","3","2","1","2","2","1","3","0.884898","0.429701"
"2","3","2","1","2","2","2","1","0.536415","0.243891"
"2","3","2","1","2","2","2","2","0.55709","0.405298"
"2","3","2","1","2","2","2","3","0.884898","0.492611"
"2","3","2","2","1","1","1","1","0.593898","0.228857"
"2","3","2","2","1","1","1","2","0.615337","0.386584"
"2","3","2","2","1","1","1","3","0.898558","0.42568"
"2","3","2","2","1","1","2","1","0.593898","0.245568"
"2","3","2","2","1","1","2","2","0.615337","0.40534"
"2","3","2","2","1","1","2","3","0.898558","0.48989"
"2","3","2","2","1","2","1","1","0.547209","0.228857"
"2","3","2","2","1","2","1","2","0.57162","0.386584"
"2","3","2","2","1","2","1","3","0.894173","0.42568"
"2","3","2","2","1","2","2","1","0.547209","0.245568"
"2","3","2","2","1","2","2","2","0.57162","0.40534"
"2","3","2","2","1","2","2","3","0.894173","0.48989"
"2","3","2","2","2","1","1","1","0.6185","0.228728"
"2","3","2","2","2","1","1","2","0.64736","0.381488"
"2","3","2","2","2","1","1","3","0.91041","0.419516"
"2","3","2","2","2","1","2","1","0.6185","0.249922"
"2","3","2","2","2","1","2","2","0.64736","0.405421"
"2","3","2","2","2","1","2","3","0.91041","0.485593"
"2","3","2","2","2","2","1","1","0.575205","0.228728"
"2","3","2","2","2","2","1","2","0.608054","0.381488"
"2","3","2","2","2","2","1","3","0.907538","0.419516"
"2","3","2","2","2","2","2","1","0.575205","0.249922"
"2","3","2","2","2","2","2","2","0.608054","0.405421"
"2","3","2","2","2","2","2","3","0.907538","0.485593"
"2","3","2","3","1","1","1","1","0.60346","0.228802"
"2","3","2","3","1","1","1","2","0.627907","0.384585"
"2","3","2","3","1","1","1","3","0.904413","0.422797"
"2","3","2","3","1","1","2","1","0.60346","0.24726"
"2","3","2","3","1","1","2","2","0.627907","0.405382"
"2","3","2","3","1","1","2","3","0.904413","0.48794"
"2","3","2","3","1","2","1","1","0.558093","0.228802"
"2","3","2","3","1","2","1","2","0.585929","0.384585"
"2","3","2","3","1","2","1","3","0.900821","0.422797"
"2","3","2","3","1","2","2","1","0.558093","0.24726"
"2","3","2","3","1","2","2","2","0.585929","0.405382"
"2","3","2","3","1","2","2","3","0.900821","0.48794"
"2","3","2","3","2","1","1","1","0.685733","0.228407"
"2","3","2","3","2","1","1","2","0.725852","0.368944"
"2","3","2","3","2","1","1","3","0.921855","0.413463"
"2","3","2","3","2","1","2","1","0.685733","0.261838"
"2","3","2","3","2","1","2","2","0.725852","0.405539"
"2","3","2","3","2","1","2","3","0.921855","0.481328"
"2","3","2","3","2","2","1","1","0.651722","0.228407"
"2","3","2","3","2","2","1","2","0.697355","0.368944"
"2","3","2","3","2","2","1","3","0.920417","0.413463"
"2","3","2","3","2","2","2","1","0.651722","0.261838"
"2","3","2","3","2","2","2","2","0.697355","0.405539"
"2","3","2","3","2","2","2","3","0.920417","0.481328"
"2","3","2","4","1","1","1","1","0.635607","0.22864"
"2","3","2","4","1","1","1","2","0.668521","0.37812"
"2","3","2","4","1","1","1","3","0.91505","0.41707"
"2","3","2","4","1","1","2","1","0.635607","0.252949"
"2","3","2","4","1","1","2","2","0.668521","0.405471"
"2","3","2","4","1","1","2","3","0.91505","0.483876"
"2","3","2","4","1","2","1","1","0.594671","0.22864"
"2","3","2","4","1","2","1","2","0.632126","0.37812"
"2","3","2","4","1","2","1","3","0.912763","0.41707"
"2","3","2","4","1","2","2","1","0.594671","0.252949"
"2","3","2","4","1","2","2","2","0.632126","0.405471"
"2","3","2","4","1","2","2","3","0.912763","0.483876"
"2","3","2","4","2","1","1","1","0.680768","0.228422"
"2","3","2","4","2","1","1","2","0.720518","0.369842"
"2","3","2","4","2","1","1","3","0.92158","0.413404"
"2","3","2","4","2","1","2","1","0.680768","0.260944"
"2","3","2","4","2","1","2","2","0.720518","0.405567"
"2","3","2","4","2","1","2","3","0.92158","0.481222"
"2","3","2","4","2","2","1","1","0.64605","0.228422"
"2","3","2","4","2","2","1","2","0.691259","0.369842"
"2","3","2","4","2","2","1","3","0.920052","0.413404"
"2","3","2","4","2","2","2","1","0.64605","0.260944"
"2","3","2","4","2","2","2","2","0.691259","0.405567"
"2","3","2","4","2","2","2","3","0.920052","0.481222"
"3","1","1","1","1","1","1","1","0.52992","0.229374"
"3","1","1","1","1","1","1","2","0.566161","0.395533"
"3","1","1","1","1","1","1","3","0.960713","0.367657"
"3","1","1","1","1","1","2","1","0.52992","0.234458"
"3","1","1","1","1","1","2","2","0.566161","0.406267"
"3","1","1","1","1","1","2","3","0.960713","0.441328"
"3","1","1","1","1","2","1","1","0.474646","0.229374"
"3","1","1","1","1","2","1","2","0.515147","0.395533"
"3","1","1","1","1","2","1","3","0.956093","0.367657"
"3","1","1","1","1","2","2","1","0.474645","0.234458"
"3","1","1","1","1","2","2","2","0.515147","0.406267"
"3","1","1","1","1","2","2","3","0.956093","0.441328"
"3","1","1","1","2","1","1","1","0.550675","0.228959"
"3","1","1","1","2","1","1","2","0.594639","0.392292"
"3","1","1","1","2","1","1","3","0.970627","0.362231"
"3","1","1","1","2","1","2","1","0.550675","0.237766"
"3","1","1","1","2","1","2","2","0.594639","0.407563"
"3","1","1","1","2","1","2","3","0.970627","0.437464"
"3","1","1","1","2","2","1","1","0.49784","0.228959"
"3","1","1","1","2","2","1","2","0.546974","0.392292"
"3","1","1","1","2","2","1","3","0.967173","0.362231"
"3","1","1","1","2","2","2","1","0.49784","0.237766"
"3","1","1","1","2","2","2","2","0.546974","0.407563"
"3","1","1","1","2","2","2","3","0.967173","0.437464"
"3","1","1","2","1","1","1","1","0.593175","0.22811"
"3","1","1","2","1","1","1","2","0.649135","0.386089"
"3","1","1","2","1","1","1","3","0.981608","0.356221"
"3","1","1","2","1","1","2","1","0.593175","0.24454"
"3","1","1","2","1","1","2","2","0.649135","0.410043"
"3","1","1","2","1","1","2","3","0.981608","0.433182"
"3","1","1","2","1","2","1","1","0.545338","0.22811"
"3","1","1","2","1","2","1","2","0.607878","0.386089"
"3","1","1","2","1","2","1","3","0.979446","0.356221"
"3","1","1","2","1","2","2","1","0.545338","0.24454"
"3","1","1","2","1","2","2","2","0.607878","0.410043"
"3","1","1","2","1","2","2","3","0.979446","0.433182"
"3","1","1","2","2","1","1","1","0.647516","0.227023"
"3","1","1","2","2","1","1","2","0.713038","0.378816"
"3","1","1","2","2","1","1","3","0.988688","0.352346"
"3","1","1","2","2","1","2","1","0.647516","0.253202"
"3","1","1","2","2","1","2","2","0.713038","0.412952"
"3","1","1","2","2","1","2","3","0.988688","0.430423"
"3","1","1","2","2","2","1","1","0.606068","0.227023"
"3","1","1","2","2","2","1","2","0.679295","0.378816"
"3","1","1","2","2","2","1","3","0.987358","0.352346"
"3","1","1","2","2","2","2","1","0.606068","0.253202"
"3","1","1","2","2","2","2","2","0.679295","0.412952"
"3","1","1","2","2","2","2","3","0.987358","0.430423"
"3","1","1","3","1","1","1","1","0.637049","0.227232"
"3","1","1","3","1","1","1","2","0.700579","0.380234"
"3","1","1","3","1","1","1","3","0.987555","0.352966"
"3","1","1","3","1","1","2","1","0.637049","0.251533"
"3","1","1","3","1","1","2","2","0.700579","0.412385"
"3","1","1","3","1","1","2","3","0.987555","0.430864"
"3","1","1","3","1","2","1","1","0.594371","0.227232"
"3","1","1","3","1","2","1","2","0.665372","0.380234"
"3","1","1","3","1","2","1","3","0.986091","0.352966"
"3","1","1","3","1","2","2","1","0.594371","0.251533"
"3","1","1","3","1","2","2","2","0.665372","0.412385"
"3","1","1","3","1","2","2","3","0.986091","0.430864"
"3","1","1","3","2","1","1","1","0.705992","0.225854"
"3","1","1","3","2","1","1","2","0.776134","0.371635"
"3","1","1","3","2","1","1","3","0.992975","0.35"
"3","1","1","3","2","1","2","1","0.705992","0.262522"
"3","1","1","3","2","1","2","2","0.776134","0.415823"
"3","1","1","3","2","1","2","3","0.992975","0.428751"
"3","1","1","3","2","2","1","1","0.671421","0.225854"
"3","1","1","3","2","2","1","2","0.749811","0.371635"
"3","1","1","3","2","2","1","3","0.992149","0.35"
"3","1","1","3","2","2","2","1","0.671421","0.262522"
"3","1","1","3","2","2","2","2","0.749811","0.415823"
"3","1","1","3","2","2","2","3","0.992149","0.428751"
"3","1","1","4","1","1","1","1","0.678783","0.226398"
"3","1","1","4","1","1","1","2","0.746838","0.374969"
"3","1","1","4","1","1","1","3","0.991185","0.35098"
"3","1","1","4","1","1","2","1","0.678783","0.258186"
"3","1","1","4","1","1","2","2","0.746838","0.41449"
"3","1","1","4","1","1","2","3","0.991185","0.429449"
"3","1","1","4","1","2","1","1","0.641013","0.226398"
"3","1","1","4","1","2","1","2","0.71707","0.374969"
"3","1","1","4","1","2","1","3","0.990148","0.35098"
"3","1","1","4","1","2","2","1","0.641013","0.258186"
"3","1","1","4","1","2","2","2","0.71707","0.41449"
"3","1","1","4","1","2","2","3","0.990148","0.429449"
"3","1","1","4","2","1","1","1","0.690392","0.226166"
"3","1","1","4","2","1","1","2","0.760826","0.373377"
"3","1","1","4","2","1","1","3","0.992129","0.350463"
"3","1","1","4","2","1","2","1","0.690392","0.260036"
"3","1","1","4","2","1","2","2","0.760826","0.415127"
"3","1","1","4","2","1","2","3","0.992129","0.429081"
"3","1","1","4","2","2","1","1","0.653987","0.226166"
"3","1","1","4","2","2","1","2","0.732702","0.373377"
"3","1","1","4","2","2","1","3","0.991204","0.350463"
"3","1","1","4","2","2","2","1","0.653986","0.260036"
"3","1","1","4","2","2","2","2","0.732703","0.415127"
"3","1","1","4","2","2","2","3","0.991204","0.429081"
"3","1","2","1","1","1","1","1","0.470926","0.230554"
"3","1","2","1","1","1","1","2","0.474437","0.405973"
"3","1","2","1","1","1","1","3","0.730664","0.49356"
"3","1","2","1","1","1","2","1","0.470926","0.225055"
"3","1","2","1","1","1","2","2","0.474437","0.402092"
"3","1","2","1","1","1","2","3","0.730664","0.531011"
"3","1","2","1","1","2","1","1","0.408714","0.230554"
"3","1","2","1","1","2","1","2","0.412639","0.405973"
"3","1","2","1","1","2","1","3","0.698994","0.49356"
"3","1","2","1","1","2","2","1","0.408714","0.225055"
"3","1","2","1","1","2","2","2","0.412639","0.402092"
"3","1","2","1","1","2","2","3","0.698994","0.531011"
"3","1","2","1","2","1","1","1","0.470926","0.230554"
"3","1","2","1","2","1","1","2","0.474437","0.405973"
"3","1","2","1","2","1","1","3","0.730664","0.49356"
"3","1","2","1","2","1","2","1","0.470926","0.225055"
"3","1","2","1","2","1","2","2","0.474437","0.402092"
"3","1","2","1","2","1","2","3","0.730664","0.531011"
"3","1","2","1","2","2","1","1","0.408714","0.230554"
"3","1","2","1","2","2","1","2","0.412639","0.405973"
"3","1","2","1","2","2","1","3","0.698994","0.49356"
"3","1","2","1","2","2","2","1","0.408714","0.225055"
"3","1","2","1","2","2","2","2","0.412639","0.402092"
"3","1","2","1","2","2","2","3","0.698994","0.531011"
"3","1","2","2","1","1","1","1","0.470926","0.230554"
"3","1","2","2","1","1","1","2","0.474437","0.405973"
"3","1","2","2","1","1","1","3","0.730664","0.49356"
"3","1","2","2","1","1","2","1","0.470926","0.225055"
"3","1","2","2","1","1","2","2","0.474437","0.402092"
"3","1","2","2","1","1","2","3","0.730664","0.531011"
"3","1","2","2","1","2","1","1","0.408714","0.230554"
"3","1","2","2","1","2","1","2","0.412639","0.405973"
"3","1","2","2","1","2","1","3","0.698994","0.49356"
"3","1","2","2","1","2","2","1","0.408714","0.225055"
"3","1","2","2","1","2","2","2","0.412639","0.402092"
"3","1","2","2","1","2","2","3","0.698994","0.531011"
"3","1","2","2","2","1","1","1","0.476093","0.230451"
"3","1","2","2","2","1","1","2","0.482159","0.405094"
"3","1","2","2","2","1","1","3","0.805273","0.452728"
"3","1","2","2","2","1","2","1","0.476093","0.225879"
"3","1","2","2","2","1","2","2","0.482159","0.402443"
"3","1","2","2","2","1","2","3","0.805273","0.501925"
"3","1","2","2","2","2","1","1","0.414489","0.230451"
"3","1","2","2","2","2","1","2","0.421268","0.405094"
"3","1","2","2","2","2","1","3","0.782375","0.452728"
"3","1","2","2","2","2","2","1","0.414489","0.225879"
"3","1","2","2","2","2","2","2","0.421268","0.402443"
"3","1","2","2","2","2","2","3","0.782375","0.501925"
"3","1","2","3","1","1","1","1","0.470926","0.230554"
"3","1","2","3","1","1","1","2","0.474437","0.405973"
"3","1","2","3","1","1","1","3","0.730664","0.49356"
"3","1","2","3","1","1","2","1","0.470926","0.225055"
"3","1","2","3","1","1","2","2","0.474437","0.402092"
"3","1","2","3","1","1","2","3","0.730664","0.531011"
"3","1","2","3","1","2","1","1","0.408714","0.230554"
"3","1","2","3","1","2","1","2","0.412639","0.405973"
"3","1","2","3","1","2","1","3","0.698994","0.49356"
"3","1","2","3","1","2","2","1","0.408714","0.225055"
"3","1","2","3","1","2","2","2","0.412639","0.402092"
"3","1","2","3","1","2","2","3","0.698994","0.531011"
"3","1","2","3","2","1","1","1","0.496938","0.230034"
"3","1","2","3","2","1","1","2","0.512539","0.401636"
"3","1","2","3","2","1","1","3","0.910476","0.395151"
"3","1","2","3","2","1","2","1","0.496938","0.229201"
"3","1","2","3","2","1","2","2","0.512539","0.403826"
"3","1","2","3","2","1","2","3","0.910476","0.460913"
"3","1","2","3","2","2","1","1","0.437785","0.230034"
"3","1","2","3","2","2","1","2","0.45522","0.401636"
"3","1","2","3","2","2","1","3","0.899949","0.395151"
"3","1","2","3","2","2","2","1","0.437785","0.229201"
"3","1","2","3","2","2","2","2","0.45522","0.403826"
"3","1","2","3","2","2","2","3","0.899949","0.460913"
"3","1","2","4","1","1","1","1","0.48024","0.230368"
"3","1","2","4","1","1","1","2","0.488299","0.404395"
"3","1","2","4","1","1","1","3","0.841202","0.433064"
"3","1","2","4","1","1","2","1","0.48024","0.22654"
"3","1","2","4","1","1","2","2","0.488299","0.402723"
"3","1","2","4","1","1","2","3","0.841202","0.487918"
"3","1","2","4","1","2","1","1","0.419124","0.230368"
"3","1","2","4","1","2","1","2","0.42813","0.404395"
"3","1","2","4","1","2","1","3","0.82253","0.433064"
"3","1","2","4","1","2","2","1","0.419124","0.22654"
"3","1","2","4","1","2","2","2","0.42813","0.402723"
"3","1","2","4","1","2","2","3","0.82253","0.487918"
"3","1","2","4","2","1","1","1","0.496938","0.230034"
"3","1","2","4","2","1","1","2","0.512539","0.401636"
"3","1","2","4","2","1","1","3","0.910476","0.395151"
"3","1","2","4","2","1","2","1","0.496938","0.229201"
"3","1","2","4","2","1","2","2","0.512539","0.403826"
"3","1","2","4","2","1","2","3","0.910476","0.460913"
"3","1","2","4","2","2","1","1","0.437785","0.230034"
"3","1","2","4","2","2","1","2","0.45522","0.401636"
"3","1","2","4","2","2","1","3","0.899949","0.395151"
"3","1","2","4","2","2","2","1","0.437785","0.229201"
"3","1","2","4","2","2","2","2","0.45522","0.403826"
"3","1","2","4","2","2","2","3","0.899949","0.460913"
"3","2","1","1","1","1","1","1","0.52992","0.23276"
"3","2","1","1","1","1","1","2","0.566161","0.398399"
"3","2","1","1","1","1","1","3","0.960713","0.370866"
"3","2","1","1","1","1","2","1","0.52992","0.237844"
"3","2","1","1","1","1","2","2","0.566161","0.409132"
"3","2","1","1","1","1","2","3","0.960713","0.444538"
"3","2","1","1","1","2","1","1","0.474645","0.23276"
"3","2","1","1","1","2","1","2","0.515147","0.398399"
"3","2","1","1","1","2","1","3","0.956093","0.370866"
"3","2","1","1","1","2","2","1","0.474645","0.237844"
"3","2","1","1","1","2","2","2","0.515147","0.409132"
"3","2","1","1","1","2","2","3","0.956093","0.444538"
"3","2","1","1","2","1","1","1","0.550675","0.232352"
"3","2","1","1","2","1","1","2","0.594639","0.395185"
"3","2","1","1","2","1","1","3","0.970627","0.365459"
"3","2","1","1","2","1","2","1","0.550675","0.241159"
"3","2","1","1","2","1","2","2","0.594639","0.410456"
"3","2","1","1","2","1","2","3","0.970627","0.440691"
"3","2","1","1","2","2","1","1","0.49784","0.232352"
"3","2","1","1","2","2","1","2","0.546974","0.395185"
"3","2","1","1","2","2","1","3","0.967173","0.365459"
"3","2","1","1","2","2","2","1","0.49784","0.241159"
"3","2","1","1","2","2","2","2","0.546974","0.410456"
"3","2","1","1","2","2","2","3","0.967173","0.440691"
"3","2","1","2","1","1","1","1","0.593175","0.231515"
"3","2","1","2","1","1","1","2","0.649135","0.389035"
"3","2","1","2","1","1","1","3","0.981608","0.359469"
"3","2","1","2","1","1","2","1","0.593175","0.247946"
"3","2","1","2","1","1","2","2","0.649135","0.412989"
"3","2","1","2","1","1","2","3","0.981608","0.436431"
"3","2","1","2","1","2","1","1","0.545338","0.231515"
"3","2","1","2","1","2","1","2","0.607878","0.389035"
"3","2","1","2","1","2","1","3","0.979446","0.359469"
"3","2","1","2","1","2","2","1","0.545338","0.247946"
"3","2","1","2","1","2","2","2","0.607878","0.412989"
"3","2","1","2","1","2","2","3","0.979446","0.436431"
"3","2","1","2","2","1","1","1","0.647516","0.230446"
"3","2","1","2","2","1","1","2","0.713038","0.381823"
"3","2","1","2","2","1","1","3","0.988688","0.355608"
"3","2","1","2","2","1","2","1","0.647516","0.256625"
"3","2","1","2","2","1","2","2","0.713038","0.415959"
"3","2","1","2","2","1","2","3","0.988688","0.433685"
"3","2","1","2","2","2","1","1","0.606068","0.230446"
"3","2","1","2","2","2","1","2","0.679295","0.381823"
"3","2","1","2","2","2","1","3","0.987358","0.355608"
"3","2","1","2","2","2","2","1","0.606068","0.256625"
"3","2","1","2","2","2","2","2","0.679295","0.415959"
"3","2","1","2","2","2","2","3","0.987358","0.433685"
"3","2","1","3","1","1","1","1","0.637049","0.230652"
"3","2","1","3","1","1","1","2","0.700579","0.383229"
"3","2","1","3","1","1","1","3","0.987555","0.356226"
"3","2","1","3","1","1","2","1","0.637049","0.254953"
"3","2","1","3","1","1","2","2","0.700579","0.41538"
"3","2","1","3","1","1","2","3","0.987555","0.434124"
"3","2","1","3","1","2","1","1","0.594371","0.230652"
"3","2","1","3","1","2","1","2","0.665372","0.383229"
"3","2","1","3","1","2","1","3","0.986091","0.356226"
"3","2","1","3","1","2","2","1","0.594371","0.254953"
"3","2","1","3","1","2","2","2","0.665372","0.41538"
"3","2","1","3","1","2","2","3","0.986091","0.434124"
"3","2","1","3","2","1","1","1","0.705992","0.229295"
"3","2","1","3","2","1","1","2","0.776134","0.374703"
"3","2","1","3","2","1","1","3","0.992975","0.35327"
"3","2","1","3","2","1","2","1","0.705992","0.265964"
"3","2","1","3","2","1","2","2","0.776134","0.418891"
"3","2","1","3","2","1","2","3","0.992975","0.432022"
"3","2","1","3","2","2","1","1","0.671421","0.229295"
"3","2","1","3","2","2","1","2","0.749811","0.374703"
"3","2","1","3","2","2","1","3","0.992149","0.35327"
"3","2","1","3","2","2","2","1","0.671421","0.265964"
"3","2","1","3","2","2","2","2","0.749811","0.418891"
"3","2","1","3","2","2","2","3","0.992149","0.432022"
"3","2","1","4","1","1","1","1","0.678783","0.229831"
"3","2","1","4","1","1","1","2","0.746838","0.378009"
"3","2","1","4","1","1","1","3","0.991185","0.354247"
"3","2","1","4","1","1","2","1","0.678783","0.261618"
"3","2","1","4","1","1","2","2","0.746838","0.41753"
"3","2","1","4","1","1","2","3","0.991185","0.432716"
"3","2","1","4","1","2","1","1","0.641013","0.229831"
"3","2","1","4","1","2","1","2","0.71707","0.378009"
"3","2","1","4","1","2","1","3","0.990148","0.354247"
"3","2","1","4","1","2","2","1","0.641013","0.261618"
"3","2","1","4","1","2","2","2","0.71707","0.41753"
"3","2","1","4","1","2","2","3","0.990148","0.432716"
"3","2","1","4","2","1","1","1","0.690392","0.229602"
"3","2","1","4","2","1","1","2","0.760826","0.37643"
"3","2","1","4","2","1","1","3","0.992129","0.353732"
"3","2","1","4","2","1","2","1","0.690392","0.263472"
"3","2","1","4","2","1","2","2","0.760826","0.41818"
"3","2","1","4","2","1","2","3","0.992129","0.43235"
"3","2","1","4","2","2","1","1","0.653987","0.229602"
"3","2","1","4","2","2","1","2","0.732703","0.37643"
"3","2","1","4","2","2","1","3","0.991204","0.353732"
"3","2","1","4","2","2","2","1","0.653987","0.263472"
"3","2","1","4","2","2","2","2","0.732702","0.41818"
"3","2","1","4","2","2","2","3","0.991204","0.43235"
"3","2","2","1","1","1","1","1","0.470926","0.233921"
"3","2","2","1","1","1","1","2","0.474437","0.40875"
"3","2","2","1","1","1","1","3","0.730664","0.496331"
"3","2","2","1","1","1","2","1","0.470926","0.228422"
"3","2","2","1","1","1","2","2","0.474437","0.404869"
"3","2","2","1","1","1","2","3","0.730664","0.533781"
"3","2","2","1","1","2","1","1","0.408714","0.233921"
"3","2","2","1","1","2","1","2","0.412639","0.40875"
"3","2","2","1","1","2","1","3","0.698994","0.496331"
"3","2","2","1","1","2","2","1","0.408714","0.228422"
"3","2","2","1","1","2","2","2","0.412639","0.404869"
"3","2","2","1","1","2","2","3","0.698994","0.533781"
"3","2","2","1","2","1","1","1","0.470926","0.233921"
"3","2","2","1","2","1","1","2","0.474437","0.40875"
"3","2","2","1","2","1","1","3","0.730664","0.496331"
"3","2","2","1","2","1","2","1","0.470926","0.228422"
"3","2","2","1","2","1","2","2","0.474437","0.404869"
"3","2","2","1","2","1","2","3","0.730664","0.533781"
"3","2","2","1","2","2","1","1","0.408714","0.233921"
"3","2","2","1","2","2","1","2","0.412639","0.40875"
"3","2","2","1","2","2","1","3","0.698994","0.496331"
"3","2","2","1","2","2","2","1","0.408714","0.228422"
"3","2","2","1","2","2","2","2","0.412639","0.404869"
"3","2","2","1","2","2","2","3","0.698994","0.533781"
"3","2","2","2","1","1","1","1","0.470926","0.233921"
"3","2","2","2","1","1","1","2","0.474437","0.40875"
"3","2","2","2","1","1","1","3","0.730664","0.496331"
"3","2","2","2","1","1","2","1","0.470926","0.228422"
"3","2","2","2","1","1","2","2","0.474437","0.404869"
"3","2","2","2","1","1","2","3","0.730664","0.533781"
"3","2","2","2","1","2","1","1","0.408714","0.233921"
"3","2","2","2","1","2","1","2","0.412639","0.40875"
"3","2","2","2","1","2","1","3","0.698994","0.496331"
"3","2","2","2","1","2","2","1","0.408714","0.228422"
"3","2","2","2","1","2","2","2","0.412639","0.404869"
"3","2","2","2","1","2","2","3","0.698994","0.533781"
"3","2","2","2","2","1","1","1","0.476093","0.233819"
"3","2","2","2","2","1","1","2","0.482159","0.407878"
"3","2","2","2","2","1","1","3","0.805273","0.45564"
"3","2","2","2","2","1","2","1","0.476093","0.229248"
"3","2","2","2","2","1","2","2","0.482159","0.405228"
"3","2","2","2","2","1","2","3","0.805273","0.504838"
"3","2","2","2","2","2","1","1","0.414489","0.233819"
"3","2","2","2","2","2","1","2","0.421268","0.407878"
"3","2","2","2","2","2","1","3","0.782376","0.45564"
"3","2","2","2","2","2","2","1","0.414489","0.229248"
"3","2","2","2","2","2","2","2","0.421268","0.405228"
"3","2","2","2","2","2","2","3","0.782376","0.504838"
"3","2","2","3","1","1","1","1","0.470926","0.233921"
"3","2","2","3","1","1","1","2","0.474437","0.40875"
"3","2","2","3","1","1","1","3","0.730664","0.496331"
"3","2","2","3","1","1","2","1","0.470926","0.228422"
"3","2","2","3","1","1","2","2","0.474437","0.404869"
"3","2","2","3","1","1","2","3","0.730664","0.533781"
"3","2","2","3","1","2","1","1","0.408714","0.233921"
"3","2","2","3","1","2","1","2","0.412639","0.40875"
"3","2","2","3","1","2","1","3","0.698994","0.496331"
"3","2","2","3","1","2","2","1","0.408714","0.228422"
"3","2","2","3","1","2","2","2","0.412639","0.404869"
"3","2","2","3","1","2","2","3","0.698994","0.533781"
"3","2","2","3","2","1","1","1","0.496938","0.233409"
"3","2","2","3","2","1","1","2","0.512539","0.40445"
"3","2","2","3","2","1","1","3","0.910476","0.398264"
"3","2","2","3","2","1","2","1","0.496938","0.232576"
"3","2","2","3","2","1","2","2","0.512539","0.40664"
"3","2","2","3","2","1","2","3","0.910476","0.464026"
"3","2","2","3","2","2","1","1","0.437785","0.233409"
"3","2","2","3","2","2","1","2","0.45522","0.40445"
"3","2","2","3","2","2","1","3","0.899949","0.398264"
"3","2","2","3","2","2","2","1","0.437785","0.232577"
"3","2","2","3","2","2","2","2","0.45522","0.40664"
"3","2","2","3","2","2","2","3","0.899949","0.464026"
"3","2","2","4","1","1","1","1","0.48024","0.233738"
"3","2","2","4","1","1","1","2","0.488299","0.407186"
"3","2","2","4","1","1","1","3","0.841202","0.436045"
"3","2","2","4","1","1","2","1","0.48024","0.22991"
"3","2","2","4","1","1","2","2","0.488299","0.405513"
"3","2","2","4","1","1","2","3","0.841202","0.4909"
"3","2","2","4","1","2","1","1","0.419124","0.233738"
"3","2","2","4","1","2","1","2","0.42813","0.407186"
"3","2","2","4","1","2","1","3","0.82253","0.436045"
"3","2","2","4","1","2","2","1","0.419124","0.22991"
"3","2","2","4","1","2","2","2","0.42813","0.405513"
"3","2","2","4","1","2","2","3","0.82253","0.4909"
"3","2","2","4","2","1","1","1","0.496938","0.233409"
"3","2","2","4","2","1","1","2","0.512539","0.40445"
"3","2","2","4","2","1","1","3","0.910476","0.398264"
"3","2","2","4","2","1","2","1","0.496938","0.232577"
"3","2","2","4","2","1","2","2","0.512539","0.40664"
"3","2","2","4","2","1","2","3","0.910476","0.464026"
"3","2","2","4","2","2","1","1","0.437785","0.233409"
"3","2","2","4","2","2","1","2","0.45522","0.40445"
"3","2","2","4","2","2","1","3","0.899949","0.398264"
"3","2","2","4","2","2","2","1","0.437785","0.232577"
"3","2","2","4","2","2","2","2","0.45522","0.40664"
"3","2","2","4","2","2","2","3","0.899949","0.464026"
"3","3","1","1","1","1","1","1","0.570602","0.227469"
"3","3","1","1","1","1","1","2","0.599211","0.387959"
"3","3","1","1","1","1","1","3","0.912736","0.404412"
"3","3","1","1","1","1","2","1","0.570602","0.239852"
"3","3","1","1","1","1","2","2","0.599211","0.403864"
"3","3","1","1","1","1","2","3","0.912736","0.470479"
"3","3","1","1","1","2","1","1","0.520724","0.227469"
"3","3","1","1","1","2","1","2","0.552944","0.387959"
"3","3","1","1","1","2","1","3","0.906375","0.404412"
"3","3","1","1","1","2","2","1","0.520724","0.239852"
"3","3","1","1","1","2","2","2","0.552944","0.403864"
"3","3","1","1","1","2","2","3","0.906375","0.470479"
"3","3","1","1","2","1","1","1","0.587328","0.227314"
"3","3","1","1","2","1","1","2","0.622048","0.384688"
"3","3","1","1","2","1","1","3","0.921024","0.400353"
"3","3","1","1","2","1","2","1","0.587328","0.242706"
"3","3","1","1","2","1","2","2","0.622048","0.404221"
"3","3","1","1","2","1","2","3","0.921024","0.467739"
"3","3","1","1","2","2","1","1","0.539617","0.227314"
"3","3","1","1","2","2","1","2","0.578722","0.384688"
"3","3","1","1","2","2","1","3","0.915786","0.400353"
"3","3","1","1","2","2","2","1","0.539617","0.242706"
"3","3","1","1","2","2","2","2","0.578722","0.404221"
"3","3","1","1","2","2","2","3","0.915786","0.467739"
"3","3","1","2","1","1","1","1","0.621578","0.226998"
"3","3","1","2","1","1","1","2","0.66575","0.378428"
"3","3","1","2","1","1","1","3","0.930205","0.395858"
"3","3","1","2","1","1","2","1","0.621578","0.248551"
"3","3","1","2","1","1","2","2","0.66575","0.404904"
"3","3","1","2","1","1","2","3","0.930205","0.464705"
"3","3","1","2","1","2","1","1","0.578305","0.226998"
"3","3","1","2","1","2","1","2","0.62805","0.378428"
"3","3","1","2","1","2","1","3","0.92621","0.395858"
"3","3","1","2","1","2","2","1","0.578305","0.248551"
"3","3","1","2","1","2","2","2","0.62805","0.404904"
"3","3","1","2","1","2","2","3","0.92621","0.464704"
"3","3","1","2","2","1","1","1","0.665268","0.226618"
"3","3","1","2","2","1","1","2","0.716785","0.371115"
"3","3","1","2","2","1","1","3","0.935604","0.392928"
"3","3","1","2","2","1","2","1","0.665268","0.25601"
"3","3","1","2","2","1","2","2","0.716785","0.405662"
"3","3","1","2","2","1","2","3","0.935604","0.462615"
"3","3","1","2","2","2","1","1","0.627638","0.226618"
"3","3","1","2","2","2","1","2","0.685623","0.371115"
"3","3","1","2","2","2","1","3","0.932258","0.392928"
"3","3","1","2","2","2","2","1","0.627638","0.25601"
"3","3","1","2","2","2","2","2","0.685623","0.405662"
"3","3","1","2","2","2","2","3","0.932258","0.462615"
"3","3","1","3","1","1","1","1","0.656936","0.226672"
"3","3","1","3","1","1","1","2","0.707004","0.372518"
"3","3","1","3","1","1","1","3","0.935177","0.393424"
"3","3","1","3","1","1","2","1","0.656936","0.254585"
"3","3","1","3","1","1","2","2","0.707004","0.405549"
"3","3","1","3","1","1","2","3","0.935177","0.463061"
"3","3","1","3","1","2","1","1","0.618243","0.226672"
"3","3","1","3","1","2","1","2","0.674617","0.372518"
"3","3","1","3","1","2","1","3","0.931854","0.393424"
"3","3","1","3","1","2","2","1","0.618243","0.254585"
"3","3","1","3","1","2","2","2","0.674617","0.405549"
"3","3","1","3","1","2","2","3","0.931854","0.463061"
"3","3","1","3","2","1","1","1","0.711967","0.226284"
"3","3","1","3","2","1","1","2","0.766589","0.363975"
"3","3","1","3","2","1","1","3","0.937723","0.391083"
"3","3","1","3","2","1","2","1","0.711967","0.263994"
"3","3","1","3","2","1","2","2","0.766589","0.40629"
"3","3","1","3","2","1","2","3","0.937723","0.461056"
"3","3","1","3","2","2","1","1","0.68032","0.226284"
"3","3","1","3","2","2","1","2","0.741712","0.363975"
"3","3","1","3","2","2","1","3","0.934437","0.391083"
"3","3","1","3","2","2","2","1","0.68032","0.263994"
"3","3","1","3","2","2","2","2","0.741712","0.40629"
"3","3","1","3","2","2","2","3","0.934437","0.461056"
"3","3","1","4","1","1","1","1","0.690381","0.226406"
"3","3","1","4","1","1","1","2","0.743731","0.367254"
"3","3","1","4","1","1","1","3","0.937401","0.391888"
"3","3","1","4","1","1","2","1","0.690381","0.260299"
"3","3","1","4","1","1","2","2","0.743731","0.406053"
"3","3","1","4","1","1","2","3","0.937401","0.461851"
"3","3","1","4","1","2","1","1","0.655992","0.226406"
"3","3","1","4","1","2","1","2","0.716013","0.367254"
"3","3","1","4","1","2","1","3","0.934254","0.391888"
"3","3","1","4","1","2","2","1","0.655992","0.260299"
"3","3","1","4","1","2","2","2","0.716013","0.406053"
"3","3","1","4","1","2","2","3","0.934254","0.461851"
"3","3","1","4","2","1","1","1","0.699399","0.226399"
"3","3","1","4","2","1","1","2","0.754304","0.365734"
"3","3","1","4","2","1","1","3","0.936901","0.391422"
"3","3","1","4","2","1","2","1","0.699399","0.261849"
"3","3","1","4","2","1","2","2","0.754304","0.406096"
"3","3","1","4","2","1","2","3","0.936901","0.46126"
"3","3","1","4","2","2","1","1","0.666123","0.226399"
"3","3","1","4","2","2","1","2","0.727844","0.365734"
"3","3","1","4","2","2","1","3","0.933486","0.391422"
"3","3","1","4","2","2","2","1","0.666123","0.261849"
"3","3","1","4","2","2","2","2","0.727844","0.406096"
"3","3","1","4","2","2","2","3","0.933486","0.46126"
"3","3","2","1","1","1","1","1","0.523232","0.227867"
"3","3","2","1","1","1","1","2","0.526085","0.398438"
"3","3","2","1","1","1","1","3","0.734254","0.499434"
"3","3","2","1","1","1","2","1","0.523232","0.231762"
"3","3","2","1","1","1","2","2","0.526085","0.402802"
"3","3","2","1","1","1","2","3","0.734254","0.537588"
"3","3","2","1","1","2","1","1","0.467245","0.227867"
"3","3","2","1","1","2","1","2","0.470471","0.398438"
"3","3","2","1","1","2","1","3","0.70588","0.499434"
"3","3","2","1","1","2","2","1","0.467245","0.231762"
"3","3","2","1","1","2","2","2","0.470471","0.402802"
"3","3","2","1","1","2","2","3","0.70588","0.537588"
"3","3","2","1","2","1","1","1","0.523232","0.227867"
"3","3","2","1","2","1","1","2","0.526085","0.398438"
"3","3","2","1","2","1","1","3","0.734254","0.499434"
"3","3","2","1","2","1","2","1","0.523232","0.231762"
"3","3","2","1","2","1","2","2","0.526085","0.402802"
"3","3","2","1","2","1","2","3","0.734254","0.537588"
"3","3","2","1","2","2","1","1","0.467245","0.227867"
"3","3","2","1","2","2","1","2","0.470471","0.398438"
"3","3","2","1","2","2","1","3","0.70588","0.499434"
"3","3","2","1","2","2","2","1","0.467245","0.231762"
"3","3","2","1","2","2","2","2","0.470471","0.402802"
"3","3","2","1","2","2","2","3","0.70588","0.537588"
"3","3","2","2","1","1","1","1","0.523232","0.227867"
"3","3","2","2","1","1","1","2","0.526085","0.398438"
"3","3","2","2","1","1","1","3","0.734254","0.499435"
"3","3","2","2","1","1","2","1","0.523232","0.231762"
"3","3","2","2","1","1","2","2","0.526085","0.402802"
"3","3","2","2","1","1","2","3","0.734254","0.537589"
"3","3","2","2","1","2","1","1","0.467245","0.227867"
"3","3","2","2","1","2","1","2","0.470471","0.398438"
"3","3","2","2","1","2","1","3","0.70588","0.499435"
"3","3","2","2","1","2","2","1","0.467245","0.231762"
"3","3","2","2","1","2","2","2","0.470471","0.402802"
"3","3","2","2","1","2","2","3","0.70588","0.537589"
"3","3","2","2","2","1","1","1","0.527431","0.22782"
"3","3","2","2","2","1","1","2","0.532358","0.39754"
"3","3","2","2","2","1","1","3","0.794869","0.468785"
"3","3","2","2","2","1","2","1","0.527431","0.232478"
"3","3","2","2","2","1","2","2","0.532358","0.402916"
"3","3","2","2","2","1","2","3","0.794869","0.516522"
"3","3","2","2","2","2","1","1","0.471993","0.22782"
"3","3","2","2","2","2","1","2","0.477565","0.39754"
"3","3","2","2","2","2","1","3","0.774427","0.468785"
"3","3","2","2","2","2","2","1","0.471993","0.232478"
"3","3","2","2","2","2","2","2","0.477565","0.402916"
"3","3","2","2","2","2","2","3","0.774427","0.516522"
"3","3","2","3","1","1","1","1","0.523232","0.227867"
"3","3","2","3","1","1","1","2","0.526085","0.398438"
"3","3","2","3","1","1","1","3","0.734254","0.499434"
"3","3","2","3","1","1","2","1","0.523232","0.231762"
"3","3","2","3","1","1","2","2","0.526085","0.402802"
"3","3","2","3","1","1","2","3","0.734254","0.537588"
"3","3","2","3","1","2","1","1","0.467245","0.227867"
"3","3","2","3","1","2","1","2","0.470471","0.398438"
"3","3","2","3","1","2","1","3","0.70588","0.499434"
"3","3","2","3","1","2","2","1","0.467245","0.231762"
"3","3","2","3","1","2","2","2","0.470471","0.402802"
"3","3","2","3","1","2","2","3","0.70588","0.537588"
"3","3","2","3","2","1","1","1","0.544366","0.227633"
"3","3","2","3","2","1","1","2","0.557041","0.394007"
"3","3","2","3","2","1","1","3","0.880341","0.425567"
"3","3","2","3","2","1","2","1","0.544366","0.235363"
"3","3","2","3","2","1","2","2","0.55704","0.403363"
"3","3","2","3","2","1","2","3","0.880341","0.486816"
"3","3","2","3","2","2","1","1","0.491144","0.227633"
"3","3","2","3","2","2","1","2","0.505477","0.394007"
"3","3","2","3","2","2","1","3","0.871083","0.425567"
"3","3","2","3","2","2","2","1","0.491144","0.235363"
"3","3","2","3","2","2","2","2","0.505477","0.403363"
"3","3","2","3","2","2","2","3","0.871083","0.486816"
"3","3","2","4","1","1","1","1","0.5308","0.227783"
"3","3","2","4","1","1","1","2","0.537347","0.396826"
"3","3","2","4","1","1","1","3","0.82406","0.454025"
"3","3","2","4","1","1","2","1","0.5308","0.233052"
"3","3","2","4","1","1","2","2","0.537347","0.403006"
"3","3","2","4","1","1","2","3","0.82406","0.506377"
"3","3","2","4","1","2","1","1","0.475803","0.227783"
"3","3","2","4","1","2","1","2","0.483207","0.396826"
"3","3","2","4","1","2","1","3","0.807438","0.454025"
"3","3","2","4","1","2","2","1","0.475803","0.233052"
"3","3","2","4","1","2","2","2","0.483207","0.403006"
"3","3","2","4","1","2","2","3","0.807438","0.506377"
"3","3","2","4","2","1","1","1","0.544366","0.227633"
"3","3","2","4","2","1","1","2","0.55704","0.394007"
"3","3","2","4","2","1","1","3","0.880341","0.425567"
"3","3","2","4","2","1","2","1","0.544366","0.235363"
"3","3","2","4","2","1","2","2","0.55704","0.403363"
"3","3","2","4","2","1","2","3","0.880341","0.486816"
"3","3","2","4","2","2","1","1","0.491144","0.227633"
"3","3","2","4","2","2","1","2","0.505477","0.394007"
"3","3","2","4","2","2","1","3","0.871083","0.425567"
"3","3","2","4","2","2","2","1","0.491144","0.235363"
"3","3","2","4","2","2","2","2","0.505477","0.403363"
"3","3","2","4","2","2","2","3","0.871083","0.486816"
"Leaving Netica.","","","","","","","","",""
"","","","","","","","","",""