"soil_salinity","soil_pH","water_temperature","water_salinity","soil_nutrient","salt_tolerant_rice","water_color_management","shrimp_stocking_density","probability_of_rice_faliure","probability_of_shrimp_failure"
"1","1","1","1","1","1","1","1","0.464062","0.230798"
"1","1","1","1","1","1","1","2","0.464063","0.407241"
"1","1","1","1","1","1","1","3","0.464062","0.639541"
"1","1","1","1","1","1","2","1","0.464062","0.224068"
"1","1","1","1","1","1","2","2","0.464063","0.401707"
"1","1","1","1","1","1","2","3","0.464062","0.635014"
"1","1","1","1","1","2","1","1","0.401044","0.230798"
"1","1","1","1","1","2","1","2","0.401044","0.407241"
"1","1","1","1","1","2","1","3","0.401044","0.639541"
"1","1","1","1","1","2","2","1","0.401044","0.224068"
"1","1","1","1","1","2","2","2","0.401044","0.401707"
"1","1","1","1","1","2","2","3","0.401044","0.635014"
"1","1","1","1","2","1","1","1","0.464062","0.230798"
"1","1","1","1","2","1","1","2","0.464063","0.407241"
"1","1","1","1","2","1","1","3","0.464062","0.639541"
"1","1","1","1","2","1","2","1","0.464062","0.224068"
"1","1","1","1","2","1","2","2","0.464063","0.401707"
"1","1","1","1","2","1","2","3","0.464062","0.635014"
"1","1","1","1","2","2","1","1","0.401044","0.230798"
"1","1","1","1","2","2","1","2","0.401044","0.407241"
"1","1","1","1","2","2","1","3","0.401044","0.639541"
"1","1","1","1","2","2","2","1","0.401044","0.224068"
"1","1","1","1","2","2","2","2","0.401044","0.401707"
"1","1","1","1","2","2","2","3","0.401044","0.635014"
"1","1","1","2","1","1","1","1","1","0.220131"
"1","1","1","2","1","1","1","2","1","0.346299"
"1","1","1","2","1","1","1","3","1","0.346299"
"1","1","1","2","1","1","2","1","1","0.30954"
"1","1","1","2","1","1","2","2","1","0.426157"
"1","1","1","2","1","1","2","3","1","0.426157"
"1","1","1","2","1","2","1","1","1","0.220131"
"1","1","1","2","1","2","1","2","1","0.346299"
"1","1","1","2","1","2","1","3","1","0.346299"
"1","1","1","2","1","2","2","1","1","0.30954"
"1","1","1","2","1","2","2","2","1","0.426157"
"1","1","1","2","1","2","2","3","1","0.426157"
"1","1","1","2","2","1","1","1","1","0.220131"
"1","1","1","2","2","1","1","2","1","0.346299"
"1","1","1","2","2","1","1","3","1","0.346299"
"1","1","1","2","2","1","2","1","1","0.30954"
"1","1","1","2","2","1","2","2","1","0.426157"
"1","1","1","2","2","1","2","3","1","0.426157"
"1","1","1","2","2","2","1","1","1","0.220131"
"1","1","1","2","2","2","1","2","1","0.346299"
"1","1","1","2","2","2","1","3","1","0.346299"
"1","1","1","2","2","2","2","1","1","0.30954"
"1","1","1","2","2","2","2","2","1","0.426157"
"1","1","1","2","2","2","2","3","1","0.426157"
"1","1","1","3","1","1","1","1","0.464063","0.229002"
"1","1","1","3","1","1","1","2","0.464062","0.405764"
"1","1","1","3","1","1","1","3","0.464063","0.638332"
"1","1","1","3","1","1","2","1","0.464063","0.222271"
"1","1","1","3","1","1","2","2","0.464062","0.40023"
"1","1","1","3","1","1","2","3","0.464063","0.633806"
"1","1","1","3","1","2","1","1","0.401044","0.229002"
"1","1","1","3","1","2","1","2","0.401044","0.405764"
"1","1","1","3","1","2","1","3","0.401044","0.638332"
"1","1","1","3","1","2","2","1","0.401044","0.222271"
"1","1","1","3","1","2","2","2","0.401044","0.40023"
"1","1","1","3","1","2","2","3","0.401044","0.633806"
"1","1","1","3","2","1","1","1","0.464063","0.229002"
"1","1","1","3","2","1","1","2","0.464062","0.405764"
"1","1","1","3","2","1","1","3","0.464063","0.638332"
"1","1","1","3","2","1","2","1","0.464063","0.222271"
"1","1","1","3","2","1","2","2","0.464062","0.40023"
"1","1","1","3","2","1","2","3","0.464063","0.633806"
"1","1","1","3","2","2","1","1","0.401044","0.229002"
"1","1","1","3","2","2","1","2","0.401044","0.405764"
"1","1","1","3","2","2","1","3","0.401044","0.638332"
"1","1","1","3","2","2","2","1","0.401044","0.222271"
"1","1","1","3","2","2","2","2","0.401044","0.40023"
"1","1","1","3","2","2","2","3","0.401044","0.633806"
"1","1","2","1","1","1","1","1","0.464063","0.230844"
"1","1","2","1","1","1","1","2","0.464062","0.407279"
"1","1","2","1","1","1","1","3","0.464063","0.639571"
"1","1","2","1","1","1","2","1","0.464062","0.224114"
"1","1","2","1","1","1","2","2","0.464062","0.401745"
"1","1","2","1","1","1","2","3","0.464063","0.635045"
"1","1","2","1","1","2","1","1","0.401044","0.230844"
"1","1","2","1","1","2","1","2","0.401044","0.407279"
"1","1","2","1","1","2","1","3","0.401044","0.639571"
"1","1","2","1","1","2","2","1","0.401044","0.224114"
"1","1","2","1","1","2","2","2","0.401044","0.401745"
"1","1","2","1","1","2","2","3","0.401044","0.635045"
"1","1","2","1","2","1","1","1","0.464063","0.230844"
"1","1","2","1","2","1","1","2","0.464062","0.407279"
"1","1","2","1","2","1","1","3","0.464063","0.639571"
"1","1","2","1","2","1","2","1","0.464062","0.224114"
"1","1","2","1","2","1","2","2","0.464062","0.401745"
"1","1","2","1","2","1","2","3","0.464063","0.635045"
"1","1","2","1","2","2","1","1","0.401044","0.230844"
"1","1","2","1","2","2","1","2","0.401044","0.407279"
"1","1","2","1","2","2","1","3","0.401044","0.639571"
"1","1","2","1","2","2","2","1","0.401044","0.224114"
"1","1","2","1","2","2","2","2","0.401044","0.401745"
"1","1","2","1","2","2","2","3","0.401044","0.635045"
"1","1","2","2","1","1","1","1","1","0.219973"
"1","1","2","2","1","1","1","2","1","0.346153"
"1","1","2","2","1","1","1","3","1","0.346153"
"1","1","2","2","1","1","2","1","1","0.309382"
"1","1","2","2","1","1","2","2","1","0.426011"
"1","1","2","2","1","1","2","3","1","0.426011"
"1","1","2","2","1","2","1","1","1","0.219973"
"1","1","2","2","1","2","1","2","1","0.346153"
"1","1","2","2","1","2","1","3","1","0.346153"
"1","1","2","2","1","2","2","1","1","0.309382"
"1","1","2","2","1","2","2","2","1","0.426011"
"1","1","2","2","1","2","2","3","1","0.426011"
"1","1","2","2","2","1","1","1","1","0.219973"
"1","1","2","2","2","1","1","2","1","0.346153"
"1","1","2","2","2","1","1","3","1","0.346153"
"1","1","2","2","2","1","2","1","1","0.309382"
"1","1","2","2","2","1","2","2","1","0.426011"
"1","1","2","2","2","1","2","3","1","0.426011"
"1","1","2","2","2","2","1","1","1","0.219973"
"1","1","2","2","2","2","1","2","1","0.346153"
"1","1","2","2","2","2","1","3","1","0.346153"
"1","1","2","2","2","2","2","1","1","0.309382"
"1","1","2","2","2","2","2","2","1","0.426011"
"1","1","2","2","2","2","2","3","1","0.426011"
"1","1","2","3","1","1","1","1","0.464063","0.228238"
"1","1","2","3","1","1","1","2","0.464063","0.405137"
"1","1","2","3","1","1","1","3","0.464063","0.637819"
"1","1","2","3","1","1","2","1","0.464063","0.221508"
"1","1","2","3","1","1","2","2","0.464063","0.399603"
"1","1","2","3","1","1","2","3","0.464063","0.633293"
"1","1","2","3","1","2","1","1","0.401044","0.228238"
"1","1","2","3","1","2","1","2","0.401044","0.405137"
"1","1","2","3","1","2","1","3","0.401044","0.637819"
"1","1","2","3","1","2","2","1","0.401044","0.221508"
"1","1","2","3","1","2","2","2","0.401044","0.399603"
"1","1","2","3","1","2","2","3","0.401044","0.633293"
"1","1","2","3","2","1","1","1","0.464063","0.228238"
"1","1","2","3","2","1","1","2","0.464063","0.405137"
"1","1","2","3","2","1","1","3","0.464063","0.637819"
"1","1","2","3","2","1","2","1","0.464063","0.221508"
"1","1","2","3","2","1","2","2","0.464063","0.399603"
"1","1","2","3","2","1","2","3","0.464063","0.633293"
"1","1","2","3","2","2","1","1","0.401044","0.228238"
"1","1","2","3","2","2","1","2","0.401044","0.405137"
"1","1","2","3","2","2","1","3","0.401044","0.637819"
"1","1","2","3","2","2","2","1","0.401044","0.221508"
"1","1","2","3","2","2","2","2","0.401044","0.399603"
"1","1","2","3","2","2","2","3","0.401044","0.633293"
"1","2","1","1","1","1","1","1","0.816831","0.223339"
"1","2","1","1","1","1","1","2","0.87216","0.360433"
"1","2","1","1","1","1","1","3","0.996866","0.347588"
"1","2","1","1","1","1","2","1","0.816831","0.27989"
"1","2","1","1","1","1","2","2","0.87216","0.419922"
"1","2","1","1","1","1","2","3","0.996866","0.426952"
"1","2","1","1","1","2","1","1","0.795293","0.223339"
"1","2","1","1","1","2","1","2","0.857127","0.360433"
"1","2","1","1","1","2","1","3","0.996497","0.347588"
"1","2","1","1","1","2","2","1","0.795293","0.27989"
"1","2","1","1","1","2","2","2","0.857127","0.419922"
"1","2","1","1","1","2","2","3","0.996497","0.426952"
"1","2","1","1","2","1","1","1","0.464063","0.230402"
"1","2","1","1","2","1","1","2","0.464063","0.406915"
"1","2","1","1","2","1","1","3","0.464063","0.639274"
"1","2","1","1","2","1","2","1","0.464063","0.223671"
"1","2","1","1","2","1","2","2","0.464063","0.401381"
"1","2","1","1","2","1","2","3","0.464063","0.634748"
"1","2","1","1","2","2","1","1","0.401044","0.230402"
"1","2","1","1","2","2","1","2","0.401044","0.406915"
"1","2","1","1","2","2","1","3","0.401044","0.639274"
"1","2","1","1","2","2","2","1","0.401044","0.223671"
"1","2","1","1","2","2","2","2","0.401044","0.401381"
"1","2","1","1","2","2","2","3","0.401044","0.634748"
"1","2","1","2","1","1","1","1","0.665365","0.257984"
"1","2","1","2","1","1","1","2","0.594171","0.297608"
"1","2","1","2","1","1","1","3","0.454163","0.780695"
"1","2","1","2","1","1","2","1","0.665365","0.28827"
"1","2","1","2","1","1","2","2","0.594171","0.310333"
"1","2","1","2","1","1","2","3","0.454163","0.774467"
"1","2","1","2","1","2","1","1","0.659601","0.257984"
"1","2","1","2","1","2","1","2","0.582073","0.297608"
"1","2","1","2","1","2","1","3","0.433724","0.780695"
"1","2","1","2","1","2","2","1","0.659601","0.28827"
"1","2","1","2","1","2","2","2","0.582073","0.310333"
"1","2","1","2","1","2","2","3","0.433724","0.774467"
"1","2","1","2","2","1","1","1","1","0.219624"
"1","2","1","2","2","1","1","2","1","0.345828"
"1","2","1","2","2","1","1","3","1","0.345828"
"1","2","1","2","2","1","2","1","1","0.309033"
"1","2","1","2","2","1","2","2","1","0.425686"
"1","2","1","2","2","1","2","3","1","0.425686"
"1","2","1","2","2","2","1","1","1","0.219624"
"1","2","1","2","2","2","1","2","1","0.345828"
"1","2","1","2","2","2","1","3","1","0.345828"
"1","2","1","2","2","2","2","1","1","0.309033"
"1","2","1","2","2","2","2","2","1","0.425686"
"1","2","1","2","2","2","2","3","1","0.425686"
"1","2","1","3","1","1","1","1","0.236235","0.30713"
"1","2","1","3","1","1","1","2","0.2051","0.339388"
"1","2","1","3","1","1","1","3","0.129897","0.765743"
"1","2","1","3","1","1","2","1","0.236235","0.231009"
"1","2","1","3","1","1","2","2","0.2051","0.260086"
"1","2","1","3","1","1","2","3","0.129897","0.708979"
"1","2","1","3","1","2","1","1","0.254725","0.30713"
"1","2","1","3","1","2","1","2","0.226604","0.339388"
"1","2","1","3","1","2","1","3","0.168877","0.765743"
"1","2","1","3","1","2","2","1","0.254725","0.231009"
"1","2","1","3","1","2","2","2","0.226604","0.260086"
"1","2","1","3","1","2","2","3","0.168877","0.708979"
"1","2","1","3","2","1","1","1","0.464062","0.229136"
"1","2","1","3","2","1","1","2","0.464063","0.405875"
"1","2","1","3","2","1","1","3","0.464063","0.638423"
"1","2","1","3","2","1","2","1","0.464062","0.222406"
"1","2","1","3","2","1","2","2","0.464063","0.400341"
"1","2","1","3","2","1","2","3","0.464063","0.633896"
"1","2","1","3","2","2","1","1","0.401044","0.229136"
"1","2","1","3","2","2","1","2","0.401044","0.405875"
"1","2","1","3","2","2","1","3","0.401044","0.638423"
"1","2","1","3","2","2","2","1","0.401044","0.222406"
"1","2","1","3","2","2","2","2","0.401044","0.400341"
"1","2","1","3","2","2","2","3","0.401044","0.633896"
"1","2","2","1","1","1","1","1","0.816832","0.223311"
"1","2","2","1","1","1","1","2","0.87216","0.360408"
"1","2","2","1","1","1","1","3","0.996866","0.347562"
"1","2","2","1","1","1","2","1","0.816832","0.279862"
"1","2","2","1","1","1","2","2","0.87216","0.419897"
"1","2","2","1","1","1","2","3","0.996866","0.426926"
"1","2","2","1","1","2","1","1","0.795294","0.223311"
"1","2","2","1","1","2","1","2","0.857127","0.360408"
"1","2","2","1","1","2","1","3","0.996497","0.347562"
"1","2","2","1","1","2","2","1","0.795294","0.279862"
"1","2","2","1","1","2","2","2","0.857127","0.419897"
"1","2","2","1","1","2","2","3","0.996497","0.426926"
"1","2","2","1","2","1","1","1","0.464062","0.230375"
"1","2","2","1","2","1","1","2","0.464063","0.406894"
"1","2","2","1","2","1","1","3","0.464063","0.639256"
"1","2","2","1","2","1","2","1","0.464063","0.223645"
"1","2","2","1","2","1","2","2","0.464063","0.401359"
"1","2","2","1","2","1","2","3","0.464063","0.63473"
"1","2","2","1","2","2","1","1","0.401044","0.230375"
"1","2","2","1","2","2","1","2","0.401044","0.406894"
"1","2","2","1","2","2","1","3","0.401044","0.639256"
"1","2","2","1","2","2","2","1","0.401044","0.223645"
"1","2","2","1","2","2","2","2","0.401044","0.401359"
"1","2","2","1","2","2","2","3","0.401044","0.63473"
"1","2","2","2","1","1","1","1","0.665365","0.257958"
"1","2","2","2","1","1","1","2","0.594171","0.297584"
"1","2","2","2","1","1","1","3","0.454163","0.780679"
"1","2","2","2","1","1","2","1","0.665365","0.288244"
"1","2","2","2","1","1","2","2","0.594171","0.310309"
"1","2","2","2","1","1","2","3","0.454163","0.774451"
"1","2","2","2","1","2","1","1","0.659601","0.257958"
"1","2","2","2","1","2","1","2","0.582073","0.297584"
"1","2","2","2","1","2","1","3","0.433724","0.780679"
"1","2","2","2","1","2","2","1","0.659601","0.288244"
"1","2","2","2","1","2","2","2","0.582073","0.310309"
"1","2","2","2","1","2","2","3","0.433724","0.774451"
"1","2","2","2","2","1","1","1","1","0.219599"
"1","2","2","2","2","1","1","2","1","0.345805"
"1","2","2","2","2","1","1","3","1","0.345805"
"1","2","2","2","2","1","2","1","1","0.309008"
"1","2","2","2","2","1","2","2","1","0.425663"
"1","2","2","2","2","1","2","3","1","0.425662"
"1","2","2","2","2","2","1","1","1","0.219599"
"1","2","2","2","2","2","1","2","1","0.345805"
"1","2","2","2","2","2","1","3","1","0.345805"
"1","2","2","2","2","2","2","1","1","0.309008"
"1","2","2","2","2","2","2","2","1","0.425663"
"1","2","2","2","2","2","2","3","1","0.425662"
"1","2","2","3","1","1","1","1","0.236235","0.306316"
"1","2","2","3","1","1","1","2","0.2051","0.33865"
"1","2","2","3","1","1","1","3","0.129897","0.765233"
"1","2","2","3","1","1","2","1","0.236235","0.230195"
"1","2","2","3","1","1","2","2","0.2051","0.259348"
"1","2","2","3","1","1","2","3","0.129897","0.708468"
"1","2","2","3","1","2","1","1","0.254725","0.306316"
"1","2","2","3","1","2","1","2","0.226604","0.33865"
"1","2","2","3","1","2","1","3","0.168877","0.765233"
"1","2","2","3","1","2","2","1","0.254725","0.230195"
"1","2","2","3","1","2","2","2","0.226604","0.259348"
"1","2","2","3","1","2","2","3","0.168877","0.708468"
"1","2","2","3","2","1","1","1","0.464062","0.228348"
"1","2","2","3","2","1","1","2","0.464063","0.405227"
"1","2","2","3","2","1","1","3","0.464062","0.637893"
"1","2","2","3","2","1","2","1","0.464062","0.221618"
"1","2","2","3","2","1","2","2","0.464063","0.399693"
"1","2","2","3","2","1","2","3","0.464062","0.633367"
"1","2","2","3","2","2","1","1","0.401044","0.228348"
"1","2","2","3","2","2","1","2","0.401044","0.405227"
"1","2","2","3","2","2","1","3","0.401044","0.637893"
"1","2","2","3","2","2","2","1","0.401044","0.221618"
"1","2","2","3","2","2","2","2","0.401044","0.399693"
"1","2","2","3","2","2","2","3","0.401044","0.633367"
"1","3","1","1","1","1","1","1","0.710594","0.225426"
"1","3","1","1","1","1","1","2","0.766608","0.372421"
"1","3","1","1","1","1","1","3","0.99188","0.350281"
"1","3","1","1","1","1","2","1","0.710594","0.26292"
"1","3","1","1","1","1","2","2","0.766608","0.415092"
"1","3","1","1","1","1","2","3","0.99188","0.42886"
"1","3","1","1","1","2","1","1","0.676564","0.225426"
"1","3","1","1","1","2","1","2","0.739164","0.372421"
"1","3","1","1","1","2","1","3","0.990925","0.350281"
"1","3","1","1","1","2","2","1","0.676564","0.26292"
"1","3","1","1","1","2","2","2","0.739164","0.415092"
"1","3","1","1","1","2","2","3","0.990925","0.42886"
"1","3","1","1","2","1","1","1","0.464062","0.230363"
"1","3","1","1","2","1","1","2","0.464063","0.406884"
"1","3","1","1","2","1","1","3","0.464063","0.639248"
"1","3","1","1","2","1","2","1","0.464062","0.223633"
"1","3","1","1","2","1","2","2","0.464063","0.40135"
"1","3","1","1","2","1","2","3","0.464063","0.634722"
"1","3","1","1","2","2","1","1","0.401044","0.230363"
"1","3","1","1","2","2","1","2","0.401044","0.406884"
"1","3","1","1","2","2","1","3","0.401044","0.639248"
"1","3","1","1","2","2","2","1","0.401044","0.223633"
"1","3","1","1","2","2","2","2","0.401044","0.40135"
"1","3","1","1","2","2","2","3","0.401044","0.634722"
"1","3","1","2","1","1","1","1","0.784139","0.242107"
"1","3","1","2","1","1","1","2","0.735094","0.305157"
"1","3","1","2","1","1","1","3","0.537848","0.781425"
"1","3","1","2","1","1","2","1","0.784139","0.296902"
"1","3","1","2","1","1","2","2","0.735094","0.347532"
"1","3","1","2","1","1","2","3","0.537848","0.791256"
"1","3","1","2","1","2","1","1","0.785335","0.242107"
"1","3","1","2","1","2","1","2","0.736562","0.305157"
"1","3","1","2","1","2","1","3","0.540408","0.781425"
"1","3","1","2","1","2","2","1","0.785335","0.296902"
"1","3","1","2","1","2","2","2","0.736562","0.347532"
"1","3","1","2","1","2","2","3","0.540408","0.791256"
"1","3","1","2","2","1","1","1","1","0.21956"
"1","3","1","2","2","1","1","2","1","0.345769"
"1","3","1","2","2","1","1","3","1","0.345769"
"1","3","1","2","2","1","2","1","1","0.308969"
"1","3","1","2","2","1","2","2","1","0.425627"
"1","3","1","2","2","1","2","3","1","0.425627"
"1","3","1","2","2","2","1","1","1","0.21956"
"1","3","1","2","2","2","1","2","1","0.345769"
"1","3","1","2","2","2","1","3","1","0.345769"
"1","3","1","2","2","2","2","1","1","0.308969"
"1","3","1","2","2","2","2","2","1","0.425627"
"1","3","1","2","2","2","2","3","1","0.425627"
"1","3","1","3","1","1","1","1","0.300423","0.283643"
"1","3","1","3","1","1","1","2","0.263243","0.356585"
"1","3","1","3","1","1","1","3","0.113715","0.764553"
"1","3","1","3","1","1","2","1","0.300423","0.22842"
"1","3","1","3","1","1","2","2","0.263243","0.296363"
"1","3","1","3","1","1","2","3","0.113715","0.708277"
"1","3","1","3","1","2","1","1","0.303765","0.283643"
"1","3","1","3","1","2","1","2","0.281663","0.356585"
"1","3","1","3","1","2","1","3","0.192773","0.764553"
"1","3","1","3","1","2","2","1","0.303765","0.22842"
"1","3","1","3","1","2","2","2","0.281663","0.296363"
"1","3","1","3","1","2","2","3","0.192773","0.708277"
"1","3","1","3","2","1","1","1","0.464063","0.229137"
"1","3","1","3","2","1","1","2","0.464063","0.405876"
"1","3","1","3","2","1","1","3","0.464062","0.638424"
"1","3","1","3","2","1","2","1","0.464063","0.222407"
"1","3","1","3","2","1","2","2","0.464062","0.400342"
"1","3","1","3","2","1","2","3","0.464063","0.633897"
"1","3","1","3","2","2","1","1","0.401044","0.229137"
"1","3","1","3","2","2","1","2","0.401044","0.405876"
"1","3","1","3","2","2","1","3","0.401044","0.638424"
"1","3","1","3","2","2","2","1","0.401044","0.222407"
"1","3","1","3","2","2","2","2","0.401044","0.400342"
"1","3","1","3","2","2","2","3","0.401044","0.633897"
"1","3","2","1","1","1","1","1","0.710594","0.225389"
"1","3","2","1","1","1","1","2","0.766608","0.372388"
"1","3","2","1","1","1","1","3","0.99188","0.350246"
"1","3","2","1","1","1","2","1","0.710594","0.262883"
"1","3","2","1","1","1","2","2","0.766608","0.415059"
"1","3","2","1","1","1","2","3","0.99188","0.428825"
"1","3","2","1","1","2","1","1","0.676564","0.225389"
"1","3","2","1","1","2","1","2","0.739164","0.372388"
"1","3","2","1","1","2","1","3","0.990925","0.350246"
"1","3","2","1","1","2","2","1","0.676564","0.262883"
"1","3","2","1","1","2","2","2","0.739164","0.415059"
"1","3","2","1","1","2","2","3","0.990925","0.428825"
"1","3","2","1","2","1","1","1","0.464062","0.230327"
"1","3","2","1","2","1","1","2","0.464063","0.406854"
"1","3","2","1","2","1","1","3","0.464063","0.639224"
"1","3","2","1","2","1","2","1","0.464063","0.223597"
"1","3","2","1","2","1","2","2","0.464063","0.40132"
"1","3","2","1","2","1","2","3","0.464062","0.634697"
"1","3","2","1","2","2","1","1","0.401044","0.230327"
"1","3","2","1","2","2","1","2","0.401044","0.406854"
"1","3","2","1","2","2","1","3","0.401044","0.639224"
"1","3","2","1","2","2","2","1","0.401044","0.223597"
"1","3","2","1","2","2","2","2","0.401044","0.40132"
"1","3","2","1","2","2","2","3","0.401044","0.634697"
"1","3","2","2","1","1","1","1","0.784139","0.242094"
"1","3","2","2","1","1","1","2","0.735094","0.305145"
"1","3","2","2","1","1","1","3","0.537848","0.781417"
"1","3","2","2","1","1","2","1","0.784139","0.29689"
"1","3","2","2","1","1","2","2","0.735094","0.34752"
"1","3","2","2","1","1","2","3","0.537848","0.791248"
"1","3","2","2","1","2","1","1","0.785335","0.242094"
"1","3","2","2","1","2","1","2","0.736562","0.305145"
"1","3","2","2","1","2","1","3","0.540408","0.781417"
"1","3","2","2","1","2","2","1","0.785335","0.29689"
"1","3","2","2","1","2","2","2","0.736561","0.34752"
"1","3","2","2","1","2","2","3","0.540408","0.791248"
"1","3","2","2","2","1","1","1","1","0.219547"
"1","3","2","2","2","1","1","2","1","0.345757"
"1","3","2","2","2","1","1","3","1","0.345757"
"1","3","2","2","2","1","2","1","1","0.308956"
"1","3","2","2","2","1","2","2","1","0.425615"
"1","3","2","2","2","1","2","3","1","0.425615"
"1","3","2","2","2","2","1","1","1","0.219547"
"1","3","2","2","2","2","1","2","1","0.345757"
"1","3","2","2","2","2","1","3","1","0.345757"
"1","3","2","2","2","2","2","1","1","0.308956"
"1","3","2","2","2","2","2","2","1","0.425615"
"1","3","2","2","2","2","2","3","1","0.425615"
"1","3","2","3","1","1","1","1","0.300423","0.282837"
"1","3","2","3","1","1","1","2","0.263243","0.35587"
"1","3","2","3","1","1","1","3","0.113715","0.764041"
"1","3","2","3","1","1","2","1","0.300423","0.227613"
"1","3","2","3","1","1","2","2","0.263243","0.295648"
"1","3","2","3","1","1","2","3","0.113715","0.707766"
"1","3","2","3","1","2","1","1","0.303765","0.282837"
"1","3","2","3","1","2","1","2","0.281663","0.35587"
"1","3","2","3","1","2","1","3","0.192773","0.764041"
"1","3","2","3","1","2","2","1","0.303765","0.227613"
"1","3","2","3","1","2","2","2","0.281663","0.295648"
"1","3","2","3","1","2","2","3","0.192773","0.707766"
"1","3","2","3","2","1","1","1","0.464062","0.228349"
"1","3","2","3","2","1","1","2","0.464062","0.405228"
"1","3","2","3","2","1","1","3","0.464062","0.637894"
"1","3","2","3","2","1","2","1","0.464063","0.221619"
"1","3","2","3","2","1","2","2","0.464063","0.399694"
"1","3","2","3","2","1","2","3","0.464062","0.633367"
"1","3","2","3","2","2","1","1","0.401044","0.228349"
"1","3","2","3","2","2","1","2","0.401044","0.405228"
"1","3","2","3","2","2","1","3","0.401044","0.637894"
"1","3","2","3","2","2","2","1","0.401044","0.221619"
"1","3","2","3","2","2","2","2","0.401044","0.399694"
"1","3","2","3","2","2","2","3","0.401044","0.633367"
"2","1","1","1","1","1","1","1","1","0.2211"
"2","1","1","1","1","1","1","2","1","0.3472"
"2","1","1","1","1","1","1","3","1","0.3472"
"2","1","1","1","1","1","2","1","1","0.310509"
"2","1","1","1","1","1","2","2","1","0.427058"
"2","1","1","1","1","1","2","3","1","0.427058"
"2","1","1","1","1","2","1","1","1","0.2211"
"2","1","1","1","1","2","1","2","1","0.3472"
"2","1","1","1","1","2","1","3","1","0.3472"
"2","1","1","1","1","2","2","1","1","0.310509"
"2","1","1","1","1","2","2","2","1","0.427058"
"2","1","1","1","1","2","2","3","1","0.427058"
"2","1","1","1","2","1","1","1","0.658182","0.2279"
"2","1","1","1","2","1","1","2","0.71251","0.379833"
"2","1","1","1","2","1","1","3","0.987911","0.353809"
"2","1","1","1","2","1","2","1","0.658182","0.255992"
"2","1","1","1","2","1","2","2","0.71251","0.413885"
"2","1","1","1","2","1","2","3","0.987911","0.431763"
"2","1","1","1","2","2","1","1","0.617989","0.2279"
"2","1","1","1","2","2","1","2","0.678706","0.379833"
"2","1","1","1","2","2","1","3","0.98649","0.353809"
"2","1","1","1","2","2","2","1","0.617989","0.255992"
"2","1","1","1","2","2","2","2","0.678706","0.413885"
"2","1","1","1","2","2","2","3","0.98649","0.431763"
"2","1","1","2","1","1","1","1","0.530737","0.269795"
"2","1","1","2","1","1","1","2","0.530737","0.274987"
"2","1","1","2","1","1","1","3","0.530737","0.788882"
"2","1","1","2","1","1","2","1","0.530737","0.283957"
"2","1","1","2","1","1","2","2","0.530737","0.288448"
"2","1","1","2","1","1","2","3","0.530737","0.797635"
"2","1","1","2","1","2","1","1","0.533337","0.269795"
"2","1","1","2","1","2","1","2","0.533337","0.274987"
"2","1","1","2","1","2","1","3","0.533337","0.788882"
"2","1","1","2","1","2","2","1","0.533337","0.283957"
"2","1","1","2","1","2","2","2","0.533337","0.288448"
"2","1","1","2","1","2","2","3","0.533337","0.797635"
"2","1","1","2","2","1","1","1","0.830031","0.238532"
"2","1","1","2","2","1","1","2","0.782461","0.313564"
"2","1","1","2","2","1","1","3","0.541322","0.778912"
"2","1","1","2","2","1","2","1","0.830031","0.300686"
"2","1","1","2","2","1","2","2","0.782461","0.362641"
"2","1","1","2","2","1","2","3","0.541322","0.789269"
"2","1","1","2","2","2","1","1","0.830973","0.238532"
"2","1","1","2","2","2","1","2","0.783666","0.313564"
"2","1","1","2","2","2","1","3","0.543864","0.778912"
"2","1","1","2","2","2","2","1","0.830973","0.300686"
"2","1","1","2","2","2","2","2","0.783666","0.362641"
"2","1","1","2","2","2","2","3","0.543864","0.789269"
"2","1","1","3","1","1","1","1","0.108325","0.347508"
"2","1","1","3","1","1","1","2","0.108325","0.318449"
"2","1","1","3","1","1","1","3","0.108325","0.766418"
"2","1","1","3","1","1","2","1","0.108325","0.235357"
"2","1","1","3","1","1","2","2","0.108325","0.216039"
"2","1","1","3","1","1","2","3","0.108325","0.709347"
"2","1","1","3","1","2","1","1","0.189569","0.347508"
"2","1","1","3","1","2","1","2","0.189569","0.318449"
"2","1","1","3","1","2","1","3","0.189569","0.766418"
"2","1","1","3","1","2","2","1","0.189569","0.235357"
"2","1","1","3","1","2","2","2","0.189569","0.216039"
"2","1","1","3","1","2","2","3","0.189569","0.709347"
"2","1","1","3","2","1","1","1","0.335213","0.271938"
"2","1","1","3","2","1","1","2","0.299151","0.365296"
"2","1","1","3","2","1","1","3","0.116349","0.76353"
"2","1","1","3","2","1","2","1","0.335213","0.227024"
"2","1","1","3","2","1","2","2","0.299151","0.314853"
"2","1","1","3","2","1","2","3","0.116349","0.707643"
"2","1","1","3","2","2","1","1","0.324446","0.271938"
"2","1","1","3","2","2","1","2","0.303009","0.365296"
"2","1","1","3","2","2","1","3","0.194339","0.76353"
"2","1","1","3","2","2","2","1","0.324446","0.227024"
"2","1","1","3","2","2","2","2","0.303009","0.314853"
"2","1","1","3","2","2","2","3","0.194339","0.707643"
"2","1","2","1","1","1","1","1","1","0.221177"
"2","1","2","1","1","1","1","2","1","0.347272"
"2","1","2","1","1","1","1","3","1","0.347272"
"2","1","2","1","1","1","2","1","1","0.310586"
"2","1","2","1","1","1","2","2","1","0.427129"
"2","1","2","1","1","1","2","3","1","0.427129"
"2","1","2","1","1","2","1","1","1","0.221177"
"2","1","2","1","1","2","1","2","1","0.347272"
"2","1","2","1","1","2","1","3","1","0.347272"
"2","1","2","1","1","2","2","1","1","0.310586"
"2","1","2","1","1","2","2","2","1","0.427129"
"2","1","2","1","1","2","2","3","1","0.427129"
"2","1","2","1","2","1","1","1","0.658182","0.227975"
"2","1","2","1","2","1","1","2","0.71251","0.379898"
"2","1","2","1","2","1","1","3","0.987911","0.35388"
"2","1","2","1","2","1","2","1","0.658182","0.256067"
"2","1","2","1","2","1","2","2","0.71251","0.41395"
"2","1","2","1","2","1","2","3","0.987911","0.431834"
"2","1","2","1","2","2","1","1","0.617989","0.227975"
"2","1","2","1","2","2","1","2","0.678706","0.379898"
"2","1","2","1","2","2","1","3","0.98649","0.35388"
"2","1","2","1","2","2","2","1","0.617989","0.256067"
"2","1","2","1","2","2","2","2","0.678706","0.41395"
"2","1","2","1","2","2","2","3","0.98649","0.431834"
"2","1","2","2","1","1","1","1","0.530737","0.269403"
"2","1","2","2","1","1","1","2","0.530737","0.274614"
"2","1","2","2","1","1","1","3","0.530737","0.788639"
"2","1","2","2","1","1","2","1","0.530737","0.283565"
"2","1","2","2","1","1","2","2","0.530737","0.288075"
"2","1","2","2","1","1","2","3","0.530737","0.797392"
"2","1","2","2","1","2","1","1","0.533337","0.269403"
"2","1","2","2","1","2","1","2","0.533337","0.274614"
"2","1","2","2","1","2","1","3","0.533337","0.788639"
"2","1","2","2","1","2","2","1","0.533337","0.283565"
"2","1","2","2","1","2","2","2","0.533337","0.288075"
"2","1","2","2","1","2","2","3","0.533337","0.797392"
"2","1","2","2","2","1","1","1","0.830031","0.23814"
"2","1","2","2","2","1","1","2","0.782461","0.313195"
"2","1","2","2","2","1","1","3","0.541322","0.778667"
"2","1","2","2","2","1","2","1","0.830031","0.300295"
"2","1","2","2","2","1","2","2","0.782461","0.362273"
"2","1","2","2","2","1","2","3","0.541322","0.789024"
"2","1","2","2","2","2","1","1","0.830973","0.23814"
"2","1","2","2","2","2","1","2","0.783666","0.313195"
"2","1","2","2","2","2","1","3","0.543864","0.778667"
"2","1","2","2","2","2","2","1","0.830973","0.300295"
"2","1","2","2","2","2","2","2","0.783666","0.362273"
"2","1","2","2","2","2","2","3","0.543864","0.789024"
"2","1","2","3","1","1","1","1","0.108325","0.3467"
"2","1","2","3","1","1","1","2","0.108325","0.317702"
"2","1","2","3","1","1","1","3","0.108325","0.765921"
"2","1","2","3","1","1","2","1","0.108325","0.234549"
"2","1","2","3","1","1","2","2","0.108325","0.215292"
"2","1","2","3","1","1","2","3","0.108325","0.708849"
"2","1","2","3","1","2","1","1","0.189569","0.3467"
"2","1","2","3","1","2","1","2","0.189569","0.317702"
"2","1","2","3","1","2","1","3","0.189569","0.765921"
"2","1","2","3","1","2","2","1","0.189569","0.234549"
"2","1","2","3","1","2","2","2","0.189569","0.215292"
"2","1","2","3","1","2","2","3","0.189569","0.708849"
"2","1","2","3","2","1","1","1","0.335213","0.271156"
"2","1","2","3","2","1","1","2","0.299151","0.364611"
"2","1","2","3","2","1","1","3","0.116349","0.763031"
"2","1","2","3","2","1","2","1","0.335213","0.226242"
"2","1","2","3","2","1","2","2","0.299151","0.314168"
"2","1","2","3","2","1","2","3","0.116349","0.707145"
"2","1","2","3","2","2","1","1","0.324446","0.271156"
"2","1","2","3","2","2","1","2","0.303009","0.364611"
"2","1","2","3","2","2","1","3","0.194339","0.763032"
"2","1","2","3","2","2","2","1","0.324446","0.226242"
"2","1","2","3","2","2","2","2","0.303009","0.314168"
"2","1","2","3","2","2","2","3","0.194339","0.707145"
"2","2","1","1","1","1","1","1","0.932382","0.22135"
"2","2","1","1","1","1","1","2","0.963485","0.350332"
"2","2","1","1","1","1","1","3","0.999335","0.34654"
"2","2","1","1","1","1","2","1","0.932382","0.298629"
"2","2","1","1","1","1","2","2","0.963485","0.424372"
"2","2","1","1","1","1","2","3","0.999335","0.426293"
"2","2","1","1","1","2","1","1","0.924431","0.22135"
"2","2","1","1","1","2","1","2","0.959192","0.350332"
"2","2","1","1","1","2","1","3","0.999257","0.34654"
"2","2","1","1","1","2","2","1","0.924431","0.298629"
"2","2","1","1","1","2","2","2","0.959192","0.424372"
"2","2","1","1","1","2","2","3","0.999257","0.426293"
"2","2","1","1","2","1","1","1","0.878401","0.222429"
"2","2","1","1","2","1","1","2","0.913351","0.356038"
"2","2","1","1","2","1","1","3","0.997947","0.3473"
"2","2","1","1","2","1","2","1","0.878401","0.290025"
"2","2","1","1","2","1","2","2","0.913351","0.42209"
"2","2","1","1","2","1","2","3","0.997947","0.426834"
"2","2","1","1","2","2","1","1","0.864102","0.222429"
"2","2","1","1","2","2","1","2","0.903163","0.356038"
"2","2","1","1","2","2","1","3","0.997705","0.3473"
"2","2","1","1","2","2","2","1","0.864102","0.290025"
"2","2","1","1","2","2","2","2","0.903163","0.42209"
"2","2","1","1","2","2","2","3","0.997705","0.426834"
"2","2","1","2","1","1","1","1","0.475858","0.289879"
"2","2","1","2","1","1","1","2","0.396466","0.301663"
"2","2","1","2","1","1","1","3","0.329382","0.775439"
"2","2","1","2","1","1","2","1","0.475858","0.271037"
"2","2","1","2","1","1","2","2","0.396466","0.26284"
"2","2","1","2","1","1","2","3","0.329382","0.745079"
"2","2","1","2","1","2","1","1","0.445015","0.289879"
"2","2","1","2","1","2","1","2","0.350635","0.301663"
"2","2","1","2","1","2","1","3","0.273363","0.775439"
"2","2","1","2","1","2","2","1","0.445015","0.271037"
"2","2","1","2","1","2","2","2","0.350635","0.26284"
"2","2","1","2","1","2","2","3","0.273363","0.745079"
"2","2","1","2","2","1","1","1","0.637209","0.257935"
"2","2","1","2","2","1","1","2","0.606606","0.285914"
"2","2","1","2","2","1","1","3","0.532535","0.78673"
"2","2","1","2","2","1","2","1","0.637209","0.28917"
"2","2","1","2","2","1","2","2","0.606606","0.310109"
"2","2","1","2","2","1","2","3","0.532535","0.795756"
"2","2","1","2","2","2","1","1","0.639219","0.257935"
"2","2","1","2","2","2","1","2","0.608786","0.285914"
"2","2","1","2","2","2","1","3","0.535125","0.78673"
"2","2","1","2","2","2","2","1","0.639219","0.28917"
"2","2","1","2","2","2","2","2","0.608786","0.310109"
"2","2","1","2","2","2","2","3","0.535125","0.795756"
"2","2","1","3","1","1","1","1","0.181242","0.332686"
"2","2","1","3","1","1","1","2","0.173414","0.324517"
"2","2","1","3","1","1","1","3","0.158389","0.766339"
"2","2","1","3","1","1","2","1","0.181242","0.233836"
"2","2","1","3","1","1","2","2","0.173414","0.228707"
"2","2","1","3","1","1","2","3","0.158389","0.709332"
"2","2","1","3","1","2","1","1","0.18471","0.332686"
"2","2","1","3","1","2","1","2","0.158018","0.324517"
"2","2","1","3","1","2","1","3","0.134004","0.766339"
"2","2","1","3","1","2","2","1","0.18471","0.233836"
"2","2","1","3","1","2","2","2","0.158018","0.228707"
"2","2","1","3","1","2","2","3","0.134004","0.709332"
"2","2","1","3","2","1","1","1","0.189039","0.320751"
"2","2","1","3","2","1","1","2","0.165839","0.332684"
"2","2","1","3","2","1","1","3","0.109688","0.766007"
"2","2","1","3","2","1","2","1","0.189039","0.232519"
"2","2","1","3","2","1","2","2","0.165839","0.245937"
"2","2","1","3","2","1","2","3","0.109688","0.709137"
"2","2","1","3","2","2","1","1","0.23755","0.320751"
"2","2","1","3","2","2","1","2","0.223759","0.332684"
"2","2","1","3","2","2","1","3","0.190379","0.766007"
"2","2","1","3","2","2","2","1","0.23755","0.232519"
"2","2","1","3","2","2","2","2","0.223759","0.245937"
"2","2","1","3","2","2","2","3","0.190379","0.709137"
"2","2","2","1","1","1","1","1","0.932382","0.221385"
"2","2","2","1","1","1","1","2","0.963485","0.350365"
"2","2","2","1","1","1","1","3","0.999335","0.346573"
"2","2","2","1","1","1","2","1","0.932382","0.298665"
"2","2","2","1","1","1","2","2","0.963485","0.424404"
"2","2","2","1","1","1","2","3","0.999335","0.426326"
"2","2","2","1","1","2","1","1","0.924431","0.221385"
"2","2","2","1","1","2","1","2","0.959192","0.350365"
"2","2","2","1","1","2","1","3","0.999257","0.346573"
"2","2","2","1","1","2","2","1","0.924431","0.298665"
"2","2","2","1","1","2","2","2","0.959192","0.424404"
"2","2","2","1","1","2","2","3","0.999257","0.426326"
"2","2","2","1","2","1","1","1","0.878401","0.222464"
"2","2","2","1","2","1","1","2","0.913351","0.35607"
"2","2","2","1","2","1","1","3","0.997947","0.347333"
"2","2","2","1","2","1","2","1","0.878401","0.29006"
"2","2","2","1","2","1","2","2","0.913351","0.422122"
"2","2","2","1","2","1","2","3","0.997947","0.426867"
"2","2","2","1","2","2","1","1","0.864102","0.222464"
"2","2","2","1","2","2","1","2","0.903163","0.35607"
"2","2","2","1","2","2","1","3","0.997705","0.347333"
"2","2","2","1","2","2","2","1","0.864102","0.29006"
"2","2","2","1","2","2","2","2","0.903163","0.422122"
"2","2","2","1","2","2","2","3","0.997705","0.426867"
"2","2","2","2","1","1","1","1","0.475858","0.289749"
"2","2","2","2","1","1","1","2","0.396466","0.301542"
"2","2","2","2","1","1","1","3","0.329382","0.775359"
"2","2","2","2","1","1","2","1","0.475858","0.270907"
"2","2","2","2","1","1","2","2","0.396466","0.262718"
"2","2","2","2","1","1","2","3","0.329382","0.744999"
"2","2","2","2","1","2","1","1","0.445015","0.289749"
"2","2","2","2","1","2","1","2","0.350635","0.301542"
"2","2","2","2","1","2","1","3","0.273363","0.775359"
"2","2","2","2","1","2","2","1","0.445015","0.270907"
"2","2","2","2","1","2","2","2","0.350635","0.262718"
"2","2","2","2","1","2","2","3","0.273363","0.744999"
"2","2","2","2","2","1","1","1","0.637209","0.257805"
"2","2","2","2","2","1","1","2","0.606606","0.285791"
"2","2","2","2","2","1","1","3","0.532535","0.78665"
"2","2","2","2","2","1","2","1","0.637209","0.28904"
"2","2","2","2","2","1","2","2","0.606606","0.309986"
"2","2","2","2","2","1","2","3","0.532535","0.795676"
"2","2","2","2","2","2","1","1","0.639219","0.257805"
"2","2","2","2","2","2","1","2","0.608786","0.285791"
"2","2","2","2","2","2","1","3","0.535125","0.78665"
"2","2","2","2","2","2","2","1","0.639219","0.28904"
"2","2","2","2","2","2","2","2","0.608786","0.309986"
"2","2","2","2","2","2","2","3","0.535125","0.795676"
"2","2","2","3","1","1","1","1","0.181242","0.331861"
"2","2","2","3","1","1","1","2","0.173414","0.323757"
"2","2","2","3","1","1","1","3","0.158389","0.765827"
"2","2","2","3","1","1","2","1","0.181242","0.233011"
"2","2","2","3","1","1","2","2","0.173414","0.227948"
"2","2","2","3","1","1","2","3","0.158389","0.708821"
"2","2","2","3","1","2","1","1","0.18471","0.331861"
"2","2","2","3","1","2","1","2","0.158018","0.323757"
"2","2","2","3","1","2","1","3","0.134004","0.765827"
"2","2","2","3","1","2","2","1","0.18471","0.233011"
"2","2","2","3","1","2","2","2","0.158018","0.227948"
"2","2","2","3","1","2","2","3","0.134004","0.708821"
"2","2","2","3","2","1","1","1","0.189039","0.319931"
"2","2","2","3","2","1","1","2","0.165839","0.331936"
"2","2","2","3","2","1","1","3","0.109688","0.765495"
"2","2","2","3","2","1","2","1","0.189039","0.231699"
"2","2","2","3","2","1","2","2","0.165839","0.245189"
"2","2","2","3","2","1","2","3","0.109688","0.708625"
"2","2","2","3","2","2","1","1","0.23755","0.319931"
"2","2","2","3","2","2","1","2","0.223759","0.331936"
"2","2","2","3","2","2","1","3","0.190379","0.765495"
"2","2","2","3","2","2","2","1","0.23755","0.231699"
"2","2","2","3","2","2","2","2","0.223759","0.245189"
"2","2","2","3","2","2","2","3","0.190379","0.708625"
"2","3","1","1","1","1","1","1","1","0.219975"
"2","3","1","1","1","1","1","2","1","0.346155"
"2","3","1","1","1","1","1","3","1","0.346155"
"2","3","1","1","1","1","2","1","1","0.309384"
"2","3","1","1","1","1","2","2","1","0.426012"
"2","3","1","1","1","1","2","3","1","0.426012"
"2","3","1","1","1","2","1","1","1","0.219975"
"2","3","1","1","1","2","1","2","1","0.346155"
"2","3","1","1","1","2","1","3","1","0.346155"
"2","3","1","1","1","2","2","1","1","0.309384"
"2","3","1","1","1","2","2","2","1","0.426012"
"2","3","1","1","1","2","2","3","1","0.426012"
"2","3","1","1","2","1","1","1","0.878401","0.222406"
"2","3","1","1","2","1","1","2","0.913351","0.356017"
"2","3","1","1","2","1","1","3","0.997947","0.347279"
"2","3","1","1","2","1","2","1","0.878401","0.290002"
"2","3","1","1","2","1","2","2","0.913351","0.422069"
"2","3","1","1","2","1","2","3","0.997947","0.426813"
"2","3","1","1","2","2","1","1","0.864102","0.222406"
"2","3","1","1","2","2","1","2","0.903163","0.356017"
"2","3","1","1","2","2","1","3","0.997705","0.347279"
"2","3","1","1","2","2","2","1","0.864102","0.290002"
"2","3","1","1","2","2","2","2","0.903163","0.422069"
"2","3","1","1","2","2","2","3","0.997705","0.426813"
"2","3","1","2","1","1","1","1","0.34763","0.312378"
"2","3","1","2","1","1","1","2","0.301685","0.305232"
"2","3","1","2","1","1","1","3","0.281612","0.773066"
"2","3","1","2","1","1","2","1","0.34763","0.258331"
"2","3","1","2","1","1","2","2","0.301685","0.240422"
"2","3","1","2","1","1","2","3","0.281612","0.733458"
"2","3","1","2","1","2","1","1","0.297081","0.312378"
"2","3","1","2","1","2","1","2","0.237799","0.305232"
"2","3","1","2","1","2","1","3","0.2119","0.773066"
"2","3","1","2","1","2","2","1","0.297081","0.258331"
"2","3","1","2","1","2","2","2","0.237799","0.240422"
"2","3","1","2","1","2","2","3","0.2119","0.733458"
"2","3","1","2","2","1","1","1","0.637209","0.25791"
"2","3","1","2","2","1","1","2","0.606606","0.285891"
"2","3","1","2","2","1","1","3","0.532535","0.786715"
"2","3","1","2","2","1","2","1","0.637209","0.289145"
"2","3","1","2","2","1","2","2","0.606606","0.310086"
"2","3","1","2","2","1","2","3","0.532535","0.795741"
"2","3","1","2","2","2","1","1","0.639219","0.25791"
"2","3","1","2","2","2","1","2","0.608786","0.285891"
"2","3","1","2","2","2","1","3","0.535125","0.786715"
"2","3","1","2","2","2","2","1","0.639219","0.289145"
"2","3","1","2","2","2","2","2","0.608786","0.310086"
"2","3","1","2","2","2","2","3","0.535125","0.795741"
"2","3","1","3","1","1","1","1","0.153321","0.347637"
"2","3","1","3","1","1","1","2","0.164611","0.318569"
"2","3","1","3","1","1","1","3","0.169543","0.766498"
"2","3","1","3","1","1","2","1","0.153321","0.235487"
"2","3","1","3","1","1","2","2","0.164611","0.216159"
"2","3","1","3","1","1","2","3","0.169543","0.709427"
"2","3","1","3","1","2","1","1","0.138947","0.347637"
"2","3","1","3","1","2","1","2","0.126245","0.318569"
"2","3","1","3","1","2","1","3","0.120696","0.766498"
"2","3","1","3","1","2","2","1","0.138947","0.235487"
"2","3","1","3","1","2","2","2","0.126245","0.216159"
"2","3","1","3","1","2","2","3","0.120696","0.709427"
"2","3","1","3","2","1","1","1","0.189039","0.320753"
"2","3","1","3","2","1","1","2","0.165839","0.332686"
"2","3","1","3","2","1","1","3","0.109688","0.766008"
"2","3","1","3","2","1","2","1","0.189039","0.232521"
"2","3","1","3","2","1","2","2","0.165839","0.245938"
"2","3","1","3","2","1","2","3","0.109688","0.709138"
"2","3","1","3","2","2","1","1","0.23755","0.320753"
"2","3","1","3","2","2","1","2","0.223759","0.332686"
"2","3","1","3","2","2","1","3","0.190379","0.766008"
"2","3","1","3","2","2","2","1","0.23755","0.232521"
"2","3","1","3","2","2","2","2","0.223759","0.245938"
"2","3","1","3","2","2","2","3","0.190379","0.709138"
"2","3","2","1","1","1","1","1","1","0.220007"
"2","3","2","1","1","1","1","2","1","0.346184"
"2","3","2","1","1","1","1","3","1","0.346184"
"2","3","2","1","1","1","2","1","1","0.309416"
"2","3","2","1","1","1","2","2","1","0.426042"
"2","3","2","1","1","1","2","3","1","0.426042"
"2","3","2","1","1","2","1","1","1","0.220007"
"2","3","2","1","1","2","1","2","1","0.346184"
"2","3","2","1","1","2","1","3","1","0.346184"
"2","3","2","1","1","2","2","1","1","0.309416"
"2","3","2","1","1","2","2","2","1","0.426042"
"2","3","2","1","1","2","2","3","1","0.426042"
"2","3","2","1","2","1","1","1","0.878401","0.222438"
"2","3","2","1","2","1","1","2","0.913351","0.356045"
"2","3","2","1","2","1","1","3","0.997947","0.347308"
"2","3","2","1","2","1","2","1","0.878401","0.290034"
"2","3","2","1","2","1","2","2","0.913351","0.422097"
"2","3","2","1","2","1","2","3","0.997947","0.426842"
"2","3","2","1","2","2","1","1","0.864102","0.222438"
"2","3","2","1","2","2","1","2","0.903163","0.356045"
"2","3","2","1","2","2","1","3","0.997705","0.347308"
"2","3","2","1","2","2","2","1","0.864102","0.290034"
"2","3","2","1","2","2","2","2","0.903163","0.422097"
"2","3","2","1","2","2","2","3","0.997705","0.426842"
"2","3","2","2","1","1","1","1","0.34763","0.312255"
"2","3","2","2","1","1","1","2","0.301685","0.305117"
"2","3","2","2","1","1","1","3","0.281612","0.77299"
"2","3","2","2","1","1","2","1","0.34763","0.258209"
"2","3","2","2","1","1","2","2","0.301685","0.240308"
"2","3","2","2","1","1","2","3","0.281612","0.733382"
"2","3","2","2","1","2","1","1","0.297081","0.312255"
"2","3","2","2","1","2","1","2","0.237799","0.305117"
"2","3","2","2","1","2","1","3","0.2119","0.77299"
"2","3","2","2","1","2","2","1","0.297081","0.258209"
"2","3","2","2","1","2","2","2","0.237799","0.240308"
"2","3","2","2","1","2","2","3","0.2119","0.733382"
"2","3","2","2","2","1","1","1","0.637209","0.257787"
"2","3","2","2","2","1","1","2","0.606606","0.285774"
"2","3","2","2","2","1","1","3","0.532535","0.786639"
"2","3","2","2","2","1","2","1","0.637209","0.289022"
"2","3","2","2","2","1","2","2","0.606606","0.30997"
"2","3","2","2","2","1","2","3","0.532535","0.795665"
"2","3","2","2","2","2","1","1","0.639219","0.257787"
"2","3","2","2","2","2","1","2","0.608786","0.285774"
"2","3","2","2","2","2","1","3","0.535125","0.786639"
"2","3","2","2","2","2","2","1","0.639219","0.289022"
"2","3","2","2","2","2","2","2","0.608786","0.30997"
"2","3","2","2","2","2","2","3","0.535125","0.795665"
"2","3","2","3","1","1","1","1","0.15332","0.346807"
"2","3","2","3","1","1","1","2","0.164611","0.317801"
"2","3","2","3","1","1","1","3","0.169543","0.765987"
"2","3","2","3","1","1","2","1","0.15332","0.234657"
"2","3","2","3","1","1","2","2","0.164611","0.215391"
"2","3","2","3","1","1","2","3","0.169543","0.708915"
"2","3","2","3","1","2","1","1","0.138947","0.346807"
"2","3","2","3","1","2","1","2","0.126245","0.317801"
"2","3","2","3","1","2","1","3","0.120696","0.765987"
"2","3","2","3","1","2","2","1","0.138947","0.234657"
"2","3","2","3","1","2","2","2","0.126245","0.215391"
"2","3","2","3","1","2","2","3","0.120696","0.708915"
"2","3","2","3","2","1","1","1","0.189039","0.319932"
"2","3","2","3","2","1","1","2","0.165839","0.331937"
"2","3","2","3","2","1","1","3","0.109688","0.765496"
"2","3","2","3","2","1","2","1","0.189039","0.2317"
"2","3","2","3","2","1","2","2","0.165839","0.24519"
"2","3","2","3","2","1","2","3","0.109688","0.708626"
"2","3","2","3","2","2","1","1","0.23755","0.319932"
"2","3","2","3","2","2","1","2","0.223759","0.331937"
"2","3","2","3","2","2","1","3","0.190379","0.765496"
"2","3","2","3","2","2","2","1","0.23755","0.2317"
"2","3","2","3","2","2","2","2","0.223759","0.24519"
"2","3","2","3","2","2","2","3","0.190379","0.708626"
"3","1","1","1","1","1","1","1","1","0.221742"
"3","1","1","1","1","1","1","2","1","0.347797"
"3","1","1","1","1","1","1","3","1","0.347797"
"3","1","1","1","1","1","2","1","1","0.311151"
"3","1","1","1","1","1","2","2","1","0.427655"
"3","1","1","1","1","1","2","3","1","0.427655"
"3","1","1","1","1","2","1","1","1","0.221742"
"3","1","1","1","1","2","1","2","1","0.347797"
"3","1","1","1","1","2","1","3","1","0.347797"
"3","1","1","1","1","2","2","1","1","0.311151"
"3","1","1","1","1","2","2","2","1","0.427655"
"3","1","1","1","1","2","2","3","1","0.427655"
"3","1","1","1","2","1","1","1","0.658182","0.228523"
"3","1","1","1","2","1","1","2","0.71251","0.380379"
"3","1","1","1","2","1","1","3","0.987911","0.354402"
"3","1","1","1","2","1","2","1","0.658182","0.256615"
"3","1","1","1","2","1","2","2","0.71251","0.414431"
"3","1","1","1","2","1","2","3","0.987911","0.432356"
"3","1","1","1","2","2","1","1","0.617989","0.228523"
"3","1","1","1","2","2","1","2","0.678706","0.380379"
"3","1","1","1","2","2","1","3","0.98649","0.354402"
"3","1","1","1","2","2","2","1","0.617988","0.256615"
"3","1","1","1","2","2","2","2","0.678706","0.414431"
"3","1","1","1","2","2","2","3","0.98649","0.432356"
"3","1","1","2","1","1","1","1","0.451617","0.288747"
"3","1","1","2","1","1","1","2","0.411882","0.29126"
"3","1","1","2","1","1","1","3","0.389029","0.78029"
"3","1","1","2","1","1","2","1","0.451617","0.273436"
"3","1","1","2","1","1","2","2","0.411882","0.264106"
"3","1","1","2","1","1","2","3","0.389029","0.761535"
"3","1","1","2","1","2","1","1","0.431251","0.288747"
"3","1","1","2","1","2","1","2","0.379983","0.29126"
"3","1","1","2","1","2","1","3","0.350496","0.78029"
"3","1","1","2","1","2","2","1","0.431251","0.273436"
"3","1","1","2","1","2","2","2","0.379983","0.264106"
"3","1","1","2","1","2","2","3","0.350496","0.761535"
"3","1","1","2","2","1","1","1","0.830031","0.238754"
"3","1","1","2","2","1","1","2","0.782461","0.313771"
"3","1","1","2","2","1","1","3","0.541322","0.779051"
"3","1","1","2","2","1","2","1","0.830031","0.300908"
"3","1","1","2","2","1","2","2","0.782461","0.362849"
"3","1","1","2","2","1","2","3","0.541322","0.789408"
"3","1","1","2","2","2","1","1","0.830973","0.238754"
"3","1","1","2","2","2","1","2","0.783666","0.313771"
"3","1","1","2","2","2","1","3","0.543864","0.779051"
"3","1","1","2","2","2","2","1","0.830973","0.300908"
"3","1","1","2","2","2","2","2","0.783666","0.362849"
"3","1","1","2","2","2","2","3","0.543864","0.789408"
"3","1","1","3","1","1","1","1","0.127768","0.347551"
"3","1","1","3","1","1","1","2","0.137532","0.318489"
"3","1","1","3","1","1","1","3","0.143147","0.766445"
"3","1","1","3","1","1","2","1","0.127768","0.2354"
"3","1","1","3","1","1","2","2","0.137532","0.216079"
"3","1","1","3","1","1","2","3","0.143147","0.709374"
"3","1","1","3","1","2","1","1","0.167695","0.347551"
"3","1","1","3","1","2","1","2","0.15671","0.318489"
"3","1","1","3","1","2","1","3","0.150392","0.766445"
"3","1","1","3","1","2","2","1","0.167695","0.2354"
"3","1","1","3","1","2","2","2","0.15671","0.216079"
"3","1","1","3","1","2","2","3","0.150392","0.709374"
"3","1","1","3","2","1","1","1","0.335213","0.27198"
"3","1","1","3","2","1","1","2","0.299151","0.365333"
"3","1","1","3","2","1","1","3","0.116349","0.763556"
"3","1","1","3","2","1","2","1","0.335213","0.227066"
"3","1","1","3","2","1","2","2","0.299151","0.314889"
"3","1","1","3","2","1","2","3","0.116349","0.70767"
"3","1","1","3","2","2","1","1","0.324446","0.27198"
"3","1","1","3","2","2","1","2","0.303009","0.365333"
"3","1","1","3","2","2","1","3","0.194339","0.763556"
"3","1","1","3","2","2","2","1","0.324446","0.227066"
"3","1","1","3","2","2","2","2","0.303009","0.314889"
"3","1","1","3","2","2","2","3","0.194339","0.70767"
"3","1","2","1","1","1","1","1","1","0.221742"
"3","1","2","1","1","1","1","2","1","0.347797"
"3","1","2","1","1","1","1","3","1","0.347797"
"3","1","2","1","1","1","2","1","1","0.311151"
"3","1","2","1","1","1","2","2","1","0.427655"
"3","1","2","1","1","1","2","3","1","0.427655"
"3","1","2","1","1","2","1","1","1","0.221742"
"3","1","2","1","1","2","1","2","1","0.347797"
"3","1","2","1","1","2","1","3","1","0.347797"
"3","1","2","1","1","2","2","1","1","0.311151"
"3","1","2","1","1","2","2","2","1","0.427655"
"3","1","2","1","1","2","2","3","1","0.427655"
"3","1","2","1","2","1","1","1","0.658182","0.228523"
"3","1","2","1","2","1","1","2","0.71251","0.380379"
"3","1","2","1","2","1","1","3","0.987911","0.354402"
"3","1","2","1","2","1","2","1","0.658182","0.256615"
"3","1","2","1","2","1","2","2","0.71251","0.414431"
"3","1","2","1","2","1","2","3","0.987911","0.432356"
"3","1","2","1","2","2","1","1","0.617988","0.228523"
"3","1","2","1","2","2","1","2","0.678706","0.380379"
"3","1","2","1","2","2","1","3","0.98649","0.354402"
"3","1","2","1","2","2","2","1","0.617988","0.256615"
"3","1","2","1","2","2","2","2","0.678706","0.414431"
"3","1","2","1","2","2","2","3","0.98649","0.432356"
"3","1","2","2","1","1","1","1","0.451617","0.288261"
"3","1","2","2","1","1","1","2","0.411882","0.290802"
"3","1","2","2","1","1","1","3","0.389029","0.77999"
"3","1","2","2","1","1","2","1","0.451617","0.27295"
"3","1","2","2","1","1","2","2","0.411882","0.263648"
"3","1","2","2","1","1","2","3","0.389029","0.761235"
"3","1","2","2","1","2","1","1","0.431251","0.288261"
"3","1","2","2","1","2","1","2","0.379983","0.290802"
"3","1","2","2","1","2","1","3","0.350496","0.77999"
"3","1","2","2","1","2","2","1","0.431251","0.27295"
"3","1","2","2","1","2","2","2","0.379983","0.263648"
"3","1","2","2","1","2","2","3","0.350496","0.761234"
"3","1","2","2","2","1","1","1","0.830031","0.238268"
"3","1","2","2","2","1","1","2","0.782461","0.313315"
"3","1","2","2","2","1","1","3","0.541322","0.778747"
"3","1","2","2","2","1","2","1","0.830031","0.300422"
"3","1","2","2","2","1","2","2","0.782461","0.362393"
"3","1","2","2","2","1","2","3","0.541322","0.789104"
"3","1","2","2","2","2","1","1","0.830973","0.238268"
"3","1","2","2","2","2","1","2","0.783666","0.313315"
"3","1","2","2","2","2","1","3","0.543864","0.778747"
"3","1","2","2","2","2","2","1","0.830973","0.300422"
"3","1","2","2","2","2","2","2","0.783666","0.362393"
"3","1","2","2","2","2","2","3","0.543864","0.789104"
"3","1","2","3","1","1","1","1","0.127768","0.346735"
"3","1","2","3","1","1","1","2","0.137532","0.317735"
"3","1","2","3","1","1","1","3","0.143147","0.765942"
"3","1","2","3","1","1","2","1","0.127768","0.234584"
"3","1","2","3","1","1","2","2","0.137532","0.215325"
"3","1","2","3","1","1","2","3","0.143147","0.708871"
"3","1","2","3","1","2","1","1","0.167695","0.346735"
"3","1","2","3","1","2","1","2","0.15671","0.317735"
"3","1","2","3","1","2","1","3","0.150392","0.765942"
"3","1","2","3","1","2","2","1","0.167695","0.234584"
"3","1","2","3","1","2","2","2","0.15671","0.215325"
"3","1","2","3","1","2","2","3","0.150392","0.708871"
"3","1","2","3","2","1","1","1","0.335213","0.27119"
"3","1","2","3","2","1","1","2","0.299151","0.364641"
"3","1","2","3","2","1","1","3","0.116349","0.763053"
"3","1","2","3","2","1","2","1","0.335213","0.226276"
"3","1","2","3","2","1","2","2","0.299151","0.314198"
"3","1","2","3","2","1","2","3","0.116349","0.707167"
"3","1","2","3","2","2","1","1","0.324446","0.27119"
"3","1","2","3","2","2","1","2","0.303009","0.364641"
"3","1","2","3","2","2","1","3","0.194339","0.763053"
"3","1","2","3","2","2","2","1","0.324446","0.226276"
"3","1","2","3","2","2","2","2","0.303009","0.314198"
"3","1","2","3","2","2","2","3","0.194339","0.707167"
"3","2","1","1","1","1","1","1","1","0.221108"
"3","2","1","1","1","1","1","2","1","0.347207"
"3","2","1","1","1","1","1","3","1","0.347207"
"3","2","1","1","1","1","2","1","1","0.310517"
"3","2","1","1","1","1","2","2","1","0.427065"
"3","2","1","1","1","1","2","3","1","0.427065"
"3","2","1","1","1","2","1","1","1","0.221108"
"3","2","1","1","1","2","1","2","1","0.347207"
"3","2","1","1","1","2","1","3","1","0.347207"
"3","2","1","1","1","2","2","1","1","0.310517"
"3","2","1","1","1","2","2","2","1","0.427065"
"3","2","1","1","1","2","2","3","1","0.427065"
"3","2","1","1","2","1","1","1","0.9354","0.222393"
"3","2","1","1","2","1","1","2","0.9608","0.351657"
"3","2","1","1","2","1","1","3","0.99923","0.347628"
"3","2","1","1","2","1","2","1","0.9354","0.300213"
"3","2","1","1","2","1","2","2","0.9608","0.425268"
"3","2","1","1","2","1","2","3","0.99923","0.427364"
"3","2","1","1","2","2","1","1","0.927804","0.222393"
"3","2","1","1","2","2","1","2","0.956191","0.351657"
"3","2","1","1","2","2","1","3","0.999139","0.347628"
"3","2","1","1","2","2","2","1","0.927804","0.300213"
"3","2","1","1","2","2","2","2","0.956191","0.425268"
"3","2","1","1","2","2","2","3","0.999139","0.427364"
"3","2","1","2","1","1","1","1","0.19165","0.350064"
"3","2","1","2","1","1","1","2","0.19165","0.320814"
"3","2","1","2","1","1","1","3","0.19165","0.767994"
"3","2","1","2","1","1","2","1","0.19165","0.237914"
"3","2","1","2","1","1","2","2","0.19165","0.218404"
"3","2","1","2","1","1","2","3","0.19165","0.710923"
"3","2","1","2","1","2","1","1","0.095825","0.350064"
"3","2","1","2","1","2","1","2","0.095825","0.320814"
"3","2","1","2","1","2","1","3","0.095825","0.767994"
"3","2","1","2","1","2","2","1","0.095825","0.237914"
"3","2","1","2","1","2","2","2","0.095825","0.218404"
"3","2","1","2","1","2","2","3","0.095825","0.710923"
"3","2","1","2","2","1","1","1","0.532804","0.276785"
"3","2","1","2","2","1","1","2","0.475827","0.292305"
"3","2","1","2","2","1","1","3","0.414485","0.781043"
"3","2","1","2","2","1","2","1","0.532804","0.279716"
"3","2","1","2","2","1","2","2","0.475827","0.280129"
"3","2","1","2","2","1","2","3","0.414485","0.7672"
"3","2","1","2","2","2","1","1","0.519272","0.276785"
"3","2","1","2","2","2","1","2","0.452335","0.292305"
"3","2","1","2","2","2","1","3","0.383142","0.781043"
"3","2","1","2","2","2","2","1","0.519272","0.279716"
"3","2","1","2","2","2","2","2","0.452335","0.280129"
"3","2","1","2","2","2","2","3","0.383142","0.7672"
"3","2","1","3","1","1","1","1","0.19165","0.347635"
"3","2","1","3","1","1","1","2","0.19165","0.318567"
"3","2","1","3","1","1","1","3","0.19165","0.766497"
"3","2","1","3","1","1","2","1","0.19165","0.235485"
"3","2","1","3","1","1","2","2","0.19165","0.216157"
"3","2","1","3","1","1","2","3","0.19165","0.709426"
"3","2","1","3","1","2","1","1","0.095825","0.347635"
"3","2","1","3","1","2","1","2","0.095825","0.318567"
"3","2","1","3","1","2","1","3","0.095825","0.766497"
"3","2","1","3","1","2","2","1","0.095825","0.235485"
"3","2","1","3","1","2","2","2","0.095825","0.216157"
"3","2","1","3","1","2","2","3","0.095825","0.709426"
"3","2","1","3","2","1","1","1","0.164596","0.333353"
"3","2","1","3","2","1","1","2","0.156272","0.324953"
"3","2","1","3","2","1","1","3","0.137569","0.766313"
"3","2","1","3","2","1","2","1","0.164596","0.233909"
"3","2","1","3","2","1","2","2","0.156272","0.229629"
"3","2","1","3","2","1","2","3","0.137569","0.709317"
"3","2","1","3","2","2","1","1","0.199993","0.333353"
"3","2","1","3","2","2","1","2","0.180367","0.324953"
"3","2","1","3","2","2","1","3","0.157547","0.766313"
"3","2","1","3","2","2","2","1","0.199993","0.233909"
"3","2","1","3","2","2","2","2","0.180367","0.229629"
"3","2","1","3","2","2","2","3","0.157547","0.709317"
"3","2","2","1","1","1","1","1","1","0.221184"
"3","2","2","1","1","1","1","2","1","0.347278"
"3","2","2","1","1","1","1","3","1","0.347278"
"3","2","2","1","1","1","2","1","1","0.310593"
"3","2","2","1","1","1","2","2","1","0.427135"
"3","2","2","1","1","1","2","3","1","0.427135"
"3","2","2","1","1","2","1","1","1","0.221184"
"3","2","2","1","1","2","1","2","1","0.347278"
"3","2","2","1","1","2","1","3","1","0.347278"
"3","2","2","1","1","2","2","1","1","0.310593"
"3","2","2","1","1","2","2","2","1","0.427135"
"3","2","2","1","1","2","2","3","1","0.427135"
"3","2","2","1","2","1","1","1","0.9354","0.222468"
"3","2","2","1","2","1","1","2","0.9608","0.351727"
"3","2","2","1","2","1","1","3","0.99923","0.347699"
"3","2","2","1","2","1","2","1","0.9354","0.300289"
"3","2","2","1","2","1","2","2","0.9608","0.425338"
"3","2","2","1","2","1","2","3","0.99923","0.427435"
"3","2","2","1","2","2","1","1","0.927804","0.222468"
"3","2","2","1","2","2","1","2","0.956191","0.351727"
"3","2","2","1","2","2","1","3","0.999139","0.347699"
"3","2","2","1","2","2","2","1","0.927804","0.300289"
"3","2","2","1","2","2","2","2","0.956191","0.425338"
"3","2","2","1","2","2","2","3","0.999139","0.427435"
"3","2","2","2","1","1","1","1","0.19165","0.349675"
"3","2","2","2","1","1","1","2","0.19165","0.320453"
"3","2","2","2","1","1","1","3","0.19165","0.767754"
"3","2","2","2","1","1","2","1","0.19165","0.237524"
"3","2","2","2","1","1","2","2","0.19165","0.218043"
"3","2","2","2","1","1","2","3","0.19165","0.710683"
"3","2","2","2","1","2","1","1","0.095825","0.349675"
"3","2","2","2","1","2","1","2","0.095825","0.320453"
"3","2","2","2","1","2","1","3","0.095825","0.767754"
"3","2","2","2","1","2","2","1","0.095825","0.237524"
"3","2","2","2","1","2","2","2","0.095825","0.218043"
"3","2","2","2","1","2","2","3","0.095825","0.710683"
"3","2","2","2","2","1","1","1","0.532804","0.276395"
"3","2","2","2","2","1","1","2","0.475827","0.291938"
"3","2","2","2","2","1","1","3","0.414485","0.780802"
"3","2","2","2","2","1","2","1","0.532804","0.279327"
"3","2","2","2","2","1","2","2","0.475827","0.279762"
"3","2","2","2","2","1","2","3","0.414485","0.766959"
"3","2","2","2","2","2","1","1","0.519272","0.276395"
"3","2","2","2","2","2","1","2","0.452335","0.291938"
"3","2","2","2","2","2","1","3","0.383142","0.780802"
"3","2","2","2","2","2","2","1","0.519272","0.279327"
"3","2","2","2","2","2","2","2","0.452335","0.279762"
"3","2","2","2","2","2","2","3","0.383142","0.766959"
"3","2","2","3","1","1","1","1","0.19165","0.346805"
"3","2","2","3","1","1","1","2","0.19165","0.3178"
"3","2","2","3","1","1","1","3","0.19165","0.765986"
"3","2","2","3","1","1","2","1","0.19165","0.234655"
"3","2","2","3","1","1","2","2","0.19165","0.21539"
"3","2","2","3","1","1","2","3","0.19165","0.708914"
"3","2","2","3","1","2","1","1","0.095825","0.346805"
"3","2","2","3","1","2","1","2","0.095825","0.3178"
"3","2","2","3","1","2","1","3","0.095825","0.765986"
"3","2","2","3","1","2","2","1","0.095825","0.234655"
"3","2","2","3","1","2","2","2","0.095825","0.21539"
"3","2","2","3","1","2","2","3","0.095825","0.708914"
"3","2","2","3","2","1","1","1","0.164596","0.332528"
"3","2","2","3","2","1","1","2","0.156272","0.324195"
"3","2","2","3","2","1","1","3","0.137569","0.765802"
"3","2","2","3","2","1","2","1","0.164596","0.233084"
"3","2","2","3","2","1","2","2","0.156272","0.22887"
"3","2","2","3","2","1","2","3","0.137569","0.708806"
"3","2","2","3","2","2","1","1","0.199993","0.332528"
"3","2","2","3","2","2","1","2","0.180367","0.324195"
"3","2","2","3","2","2","1","3","0.157547","0.765802"
"3","2","2","3","2","2","2","1","0.199993","0.233084"
"3","2","2","3","2","2","2","2","0.180367","0.22887"
"3","2","2","3","2","2","2","3","0.157547","0.708806"
"3","3","1","1","1","1","1","1","1","0.221029"
"3","3","1","1","1","1","1","2","1","0.347134"
"3","3","1","1","1","1","1","3","1","0.347134"
"3","3","1","1","1","1","2","1","1","0.310438"
"3","3","1","1","1","1","2","2","1","0.426991"
"3","3","1","1","1","1","2","3","1","0.426991"
"3","3","1","1","1","2","1","1","1","0.221029"
"3","3","1","1","1","2","1","2","1","0.347134"
"3","3","1","1","1","2","1","3","1","0.347134"
"3","3","1","1","1","2","2","1","1","0.310438"
"3","3","1","1","1","2","2","2","1","0.426991"
"3","3","1","1","1","2","2","3","1","0.426991"
"3","3","1","1","2","1","1","1","0.76471","0.225711"
"3","3","1","1","2","1","1","2","0.817983","0.367798"
"3","3","1","1","2","1","1","3","0.994559","0.350108"
"3","3","1","1","2","1","2","1","0.76471","0.272913"
"3","3","1","1","2","1","2","2","0.817983","0.418655"
"3","3","1","1","2","1","2","3","0.994559","0.429109"
"3","3","1","1","2","2","1","1","0.737044","0.225711"
"3","3","1","1","2","2","1","2","0.796581","0.367798"
"3","3","1","1","2","2","1","3","0.993919","0.350108"
"3","3","1","1","2","2","2","1","0.737044","0.272913"
"3","3","1","1","2","2","2","2","0.796581","0.418655"
"3","3","1","1","2","2","2","3","0.993919","0.429109"
"3","3","1","2","1","1","1","1","0.19165","0.35003"
"3","3","1","2","1","1","1","2","0.19165","0.320782"
"3","3","1","2","1","1","1","3","0.19165","0.767973"
"3","3","1","2","1","1","2","1","0.19165","0.23788"
"3","3","1","2","1","1","2","2","0.19165","0.218372"
"3","3","1","2","1","1","2","3","0.19165","0.710902"
"3","3","1","2","1","2","1","1","0.095825","0.35003"
"3","3","1","2","1","2","1","2","0.095825","0.320782"
"3","3","1","2","1","2","1","3","0.095825","0.767973"
"3","3","1","2","1","2","2","1","0.095825","0.23788"
"3","3","1","2","1","2","2","2","0.095825","0.218372"
"3","3","1","2","1","2","2","3","0.095825","0.710902"
"3","3","1","2","2","1","1","1","0.736755","0.248238"
"3","3","1","2","2","1","1","2","0.69011","0.299376"
"3","3","1","2","2","1","1","3","0.535502","0.784371"
"3","3","1","2","2","1","2","1","0.736755","0.295436"
"3","3","1","2","2","1","2","2","0.69011","0.335386"
"3","3","1","2","2","1","2","3","0.535502","0.793847"
"3","3","1","2","2","2","1","1","0.738214","0.248238"
"3","3","1","2","2","2","1","2","0.691827","0.299376"
"3","3","1","2","2","2","1","3","0.538075","0.784371"
"3","3","1","2","2","2","2","1","0.738214","0.295436"
"3","3","1","2","2","2","2","2","0.691827","0.335386"
"3","3","1","2","2","2","2","3","0.538075","0.793847"
"3","3","1","3","1","1","1","1","0.19165","0.347637"
"3","3","1","3","1","1","1","2","0.19165","0.318569"
"3","3","1","3","1","1","1","3","0.19165","0.766498"
"3","3","1","3","1","1","2","1","0.19165","0.235486"
"3","3","1","3","1","1","2","2","0.19165","0.216159"
"3","3","1","3","1","1","2","3","0.19165","0.709427"
"3","3","1","3","1","2","1","1","0.095825","0.347637"
"3","3","1","3","1","2","1","2","0.095825","0.318568"
"3","3","1","3","1","2","1","3","0.095825","0.766498"
"3","3","1","3","1","2","2","1","0.095825","0.235486"
"3","3","1","3","1","2","2","2","0.095825","0.216159"
"3","3","1","3","1","2","2","3","0.095825","0.709427"
"3","3","1","3","2","1","1","1","0.264502","0.295616"
"3","3","1","3","2","1","1","2","0.229142","0.348222"
"3","3","1","3","2","1","1","3","0.111937","0.765198"
"3","3","1","3","2","1","2","1","0.264502","0.229748"
"3","3","1","3","2","1","2","2","0.229142","0.278713"
"3","3","1","3","2","1","2","3","0.111937","0.70866"
"3","3","1","3","2","2","1","1","0.282411","0.295616"
"3","3","1","3","2","2","1","2","0.26139","0.348222"
"3","3","1","3","2","2","1","3","0.191716","0.765198"
"3","3","1","3","2","2","2","1","0.282411","0.229748"
"3","3","1","3","2","2","2","2","0.26139","0.278713"
"3","3","1","3","2","2","2","3","0.191716","0.70866"
"3","3","2","1","1","1","1","1","1","0.22111"
"3","3","2","1","1","1","1","2","1","0.347209"
"3","3","2","1","1","1","1","3","1","0.347209"
"3","3","2","1","1","1","2","1","1","0.310519"
"3","3","2","1","1","1","2","2","1","0.427067"
"3","3","2","1","1","1","2","3","1","0.427067"
"3","3","2","1","1","2","1","1","1","0.22111"
"3","3","2","1","1","2","1","2","1","0.347209"
"3","3","2","1","1","2","1","3","1","0.347209"
"3","3","2","1","1","2","2","1","1","0.310519"
"3","3","2","1","1","2","2","2","1","0.427067"
"3","3","2","1","1","2","2","3","1","0.427067"
"3","3","2","1","2","1","1","1","0.76471","0.22579"
"3","3","2","1","2","1","1","2","0.817983","0.367869"
"3","3","2","1","2","1","1","3","0.994559","0.350184"
"3","3","2","1","2","1","2","1","0.76471","0.272992"
"3","3","2","1","2","1","2","2","0.817983","0.418726"
"3","3","2","1","2","1","2","3","0.994559","0.429184"
"3","3","2","1","2","2","1","1","0.737043","0.22579"
"3","3","2","1","2","2","1","2","0.796581","0.367869"
"3","3","2","1","2","2","1","3","0.993919","0.350184"
"3","3","2","1","2","2","2","1","0.737044","0.272992"
"3","3","2","1","2","2","2","2","0.796581","0.418726"
"3","3","2","1","2","2","2","3","0.993919","0.429184"
"3","3","2","2","1","1","1","1","0.19165","0.349655"
"3","3","2","2","1","1","1","2","0.19165","0.320435"
"3","3","2","2","1","1","1","3","0.19165","0.767742"
"3","3","2","2","1","1","2","1","0.19165","0.237504"
"3","3","2","2","1","1","2","2","0.19165","0.218025"
"3","3","2","2","1","1","2","3","0.19165","0.71067"
"3","3","2","2","1","2","1","1","0.095825","0.349655"
"3","3","2","2","1","2","1","2","0.095825","0.320435"
"3","3","2","2","1","2","1","3","0.095825","0.767742"
"3","3","2","2","1","2","2","1","0.095825","0.237504"
"3","3","2","2","1","2","2","2","0.095825","0.218025"
"3","3","2","2","1","2","2","3","0.095825","0.71067"
"3","3","2","2","2","1","1","1","0.736755","0.247863"
"3","3","2","2","2","1","1","2","0.69011","0.299022"
"3","3","2","2","2","1","1","3","0.535502","0.784138"
"3","3","2","2","2","1","2","1","0.736755","0.29506"
"3","3","2","2","2","1","2","2","0.69011","0.335032"
"3","3","2","2","2","1","2","3","0.535502","0.793613"
"3","3","2","2","2","2","1","1","0.738214","0.247863"
"3","3","2","2","2","2","1","2","0.691827","0.299022"
"3","3","2","2","2","2","1","3","0.538075","0.784138"
"3","3","2","2","2","2","2","1","0.738214","0.29506"
"3","3","2","2","2","2","2","2","0.691827","0.335032"
"3","3","2","2","2","2","2","3","0.538075","0.793613"
"3","3","2","3","1","1","1","1","0.19165","0.346807"
"3","3","2","3","1","1","1","2","0.19165","0.317801"
"3","3","2","3","1","1","1","3","0.19165","0.765987"
"3","3","2","3","1","1","2","1","0.19165","0.234656"
"3","3","2","3","1","1","2","2","0.19165","0.215391"
"3","3","2","3","1","1","2","3","0.19165","0.708915"
"3","3","2","3","1","2","1","1","0.095825","0.346807"
"3","3","2","3","1","2","1","2","0.095825","0.317801"
"3","3","2","3","1","2","1","3","0.095825","0.765987"
"3","3","2","3","1","2","2","1","0.095825","0.234656"
"3","3","2","3","1","2","2","2","0.095825","0.215391"
"3","3","2","3","1","2","2","3","0.095825","0.708915"
"3","3","2","3","2","1","1","1","0.264502","0.294804"
"3","3","2","3","2","1","1","2","0.229142","0.347495"
"3","3","2","3","2","1","1","3","0.111937","0.764686"
"3","3","2","3","2","1","2","1","0.264502","0.228936"
"3","3","2","3","2","1","2","2","0.229142","0.277986"
"3","3","2","3","2","1","2","3","0.111937","0.708148"
"3","3","2","3","2","2","1","1","0.282411","0.294804"
"3","3","2","3","2","2","1","2","0.26139","0.347495"
"3","3","2","3","2","2","1","3","0.191716","0.764686"
"3","3","2","3","2","2","2","1","0.282411","0.228936"
"3","3","2","3","2","2","2","2","0.26139","0.277986"
"3","3","2","3","2","2","2","3","0.191716","0.708148"
"Leaving Netica.","","","","","","","","",""
"","","","","","","","","",""